entity_id,entity_name,metric,segment,period_label,period_type,period_end,value,unit,currency,yoy_pct,confidence,source_url,notes
C021,COVER Corp,revenue,total,FY2026/3,FY,2026-03-31,49330,million,JPY,13.7,verified_secondary,https://www.moguravr.com/cover-2026-q4-earnings/,493億3000万円. Tanshin PDF returned unparseable binary via automated fetch so figure is from reporting on it. Automated summary elsewhere rendered this as 493.3 BILLION yen - a 10x error.
C021,COVER Corp,revenue,merchandising,FY2026/3,FY,2026-03-31,23747,million,JPY,15.6,verified_secondary,https://www.moguravr.com/cover-2026-q4-earnings/,237億4700万円. Growth attributed principally to the hololive OFFICIAL CARD GAME trading card product NOT to electronics. Do not read as collab-hardware growth.
C021,COVER Corp,revenue,licensing_tieup,FY2026/3,FY,2026-03-31,7198,million,JPY,25.3,verified_secondary,https://www.moguravr.com/cover-2026-q4-earnings/,71億9800万円. THE LINE THAT CARRIES COLLAB-EARPHONE INCOME. Fastest-growing disclosed segment. Growth attributed to strengthened coordination with domestic and overseas trading agents and growth in deal count and counterparty company count.
C021,COVER Corp,net_income,total,FY2026/3,FY,2026-03-31,,,JPY,-45.7,verified_secondary,https://www.moguravr.com/cover-2026-q4-earnings/,Absolute value NOT RETRIEVED - only the YoY change.
C021,COVER Corp,revenue,total,FY2026/3 Q3 cum,Q3_cumulative,2025-12-31,34600,million,JPY,20.2,verified_secondary,https://www.moguravr.com/cover-2026-q3-financial-results/,346億円
C021,COVER Corp,revenue,total,FY2027/3 Q1,Q1,2026-06-30,8825,million,JPY,-8.3,partial,https://finance.biggo.jp/news/jpx_tdnet_140120260812518254,Merchandising declined on trading-card release scheduling and difficulties in an EC-operations transition. Magnitude to re-verify.
C022,ANYCOLOR,revenue,total,FY2026/4,FY,2026-04-30,55681,million,JPY,29.9,verified_secondary,https://japanir.jp/company/company-5032/ir/5032-20260610-01_wp_financial_summary/,556.81億円. Automated summary rendered this as 556.81 BILLION yen - a 100x error.
C022,ANYCOLOR,operating_profit,total,FY2026/4,FY,2026-04-30,20172,million,JPY,23.9,verified_secondary,https://finance.logmi.jp/articles/385001,201.72億円. DERIVED operating margin 36.2% - exceptionally high for a goods-led business.
C022,ANYCOLOR,ordinary_profit,total,FY2026/4,FY,2026-04-30,20197,million,JPY,24.6,verified_secondary,https://finance.logmi.jp/articles/385001,201.97億円
C022,ANYCOLOR,net_income,total,FY2026/4,FY,2026-04-30,14091,million,JPY,22.4,verified_secondary,https://finance.logmi.jp/articles/385001,140.91億円
C022,ANYCOLOR,revenue,total,FY2026/4 Q3 cum,Q3_cumulative,2026-01-31,42000,million,JPY,45.4,verified_secondary,https://www.moguravr.com/anycolor-q3-financial-results-2026/,420億円
C022,ANYCOLOR,revenue,commerce,FY2026/4 Q1,Q1,2025-07-31,10394,million,JPY,,verified_secondary,https://finance.logmi.jp/articles/382668,103億9400万円. Commerce is ~70% of total revenue company-wide and the named driver of growth.
C022,ANYCOLOR,revenue,events,FY2026/4 Q1,Q1,2025-07-31,2117,million,JPY,,verified_secondary,https://finance.logmi.jp/articles/382668,21億1700万円
C022,ANYCOLOR,revenue_share,commerce,FY2026/4,FY,2026-04-30,70,percent,,,verified_secondary,https://finance.logmi.jp/articles/385001,約7割をコマース領域で獲得. NO separate licensing line is disclosed so Nijisanji collab-earphone income is NOT separately observable.
C022,ANYCOLOR,revenue_guidance,total,FY2027/4,FY_guidance,2027-04-30,56000-60000,million,JPY,,verified_secondary,https://finance.logmi.jp/articles/385001,560-600億円. Guidance is revenue up but profit DOWN on increased personnel cost.
C016,MOONDROP,output_value,total,cumulative to ~2025,order_of_magnitude,,100,million,CNY,,partial,https://www.chwang.com/article/202179267642,上亿 - over CNY 100 million. Order-of-magnitude only; private company. Grew from 从产值几十万 (a few hundred thousand) over ten years.
C024,VirtuaReal,livestream_revenue,bilibili_livestreaming,H1 2022,H1,2022-06-30,28.01,million,CNY,,verified_secondary,https://zhuanlan.zhihu.com/p/536579302,Ranked #1 among agencies on bilibili. Top member Aza >CNY 3.61 million over three months.
MKT01,China headphone market (all categories),unit_sales,total,2024,CY,2024-12-31,218,million_units,,7.6,partial,https://wearable.ofweek.com/2025-03/ART-8420-5000-30658918.html,RUNTO 洛图科技 tracking data. 2.18亿副.
MKT01,China headphone market (all categories),sales_value,total,2024,CY,2024-12-31,42800,million,CNY,9.8,partial,https://wearable.ofweek.com/2025-03/ART-8420-5000-30658918.html,428亿元. DERIVED implied ASP CNY 196 - this cross-check rules out the 428-billion-yuan reading which would imply an ASP of ~CNY 1963. Primary re-read still needed.
MKT02,Global headphone market,sales_value,total,2023,CY,2023-12-31,583960,million,CNY,,partial,https://m.gelonghui.com/p/877264,Unit magnitude NOT re-verified from primary.
MKT02,Global headphone market,sales_value_forecast,total,2029,CY_forecast,2029-12-31,694740,million,CNY,,partial,https://m.gelonghui.com/p/877264,Stated CAGR 2.82%. Unit magnitude NOT re-verified.
P0087,KPro01 (Koiwai Kotori x Owltech),crowdfunding_raised,,2020 campaign,campaign,2020,166.07,million,JPY,,verified_secondary,https://news.mynavi.jp/article/20200508-1033231/,Alternate figure of JPY 160 million / 53x target reported by Makuake's own note. CONFLICT UNRESOLVED - recorded as a range.
P0087,KPro01 (Koiwai Kotori x Owltech),crowdfunding_target,,2020 campaign,campaign,2020,3,million,JPY,,verified_secondary,https://kai-you.net/article/72150,Reached JPY 10 million within the first hour. 3rd highest in Makuake history at the time. Makuake Of The Year 2020 GOLD.
P0087,KPro01 (Koiwai Kotori x Owltech),backers,,2020 campaign,campaign,2020,10003,persons,,,verified_secondary,https://news.mynavi.jp/article/20200508-1033231/,DERIVED average per backer JPY 16602. Per BACKER not per unit - reward tiers not retrieved so unit count is unknown.
P0066,ag COTSUBU for ASMR Patra BLACK Ver.,units_ordered,,first 12 hours 2023-08-20,event,2023-08-20,10000,units,,,verified_primary,https://prtimes.jp/main/html/rd/p/000000010.000121822.html,10000+ units in the first 12 hours of pre-orders opening at 22:00.
P0066,ag COTSUBU for ASMR Patra BLACK Ver.,units_allocated_sold_out,,within-2023 delivery allocation,event,2023-12-31,25000,units,,,verified_primary,https://news.yahoo.co.jp/articles/6041124b644900da4e5a0cc690cc0370a0b23410,年内出荷分25000台を完売. Orders beyond 25000 pushed to April 2024+ citing material procurement constraints.
P0066,ag COTSUBU for ASMR Patra BLACK Ver.,gross_order_value_derived,,within-2023 allocation,derived,2023-12-31,205,million,JPY,,derived,,DERIVED: 25000 units x JPY 8200 = JPY 205000000. Both inputs primary-sourced. Excludes shipping revenue and the >25000 overflow orders.
P0065,ag COTSUBU for ASMR Patra Edition (1st),units_restock,,final restock 2023-07,event,2023-07-21,1000,units,,,verified_secondary,https://panora.tokyo/archives/69124,1000-unit limited final production run at JPY 8200 incl tax; one per customer; ship Aug 2023+.
P0065,ag COTSUBU for ASMR Patra Edition (1st),units_event_allocation,,Dec 2022 meet-and-greet,event,2022-12,400,units,,,verified_secondary,https://av.watch.impress.co.jp/docs/news/1495782.html,400 in-person handover event slots. CONFLICTS with a separate report that the 1st installment sold 10000+ units within one month - total volume NOT ESTABLISHED.
AD01,Sha Po Lang audio drama merch (729 Sound Studio),crowdfunding_raised,,2018 campaign,campaign,2018,7.71,million,CNY,,verified_secondary,https://zhongchou.modian.com/item/43338.html,Domestic record for audio-drama merchandise. Reward tiers were USB drives; OST CDs; standing figures - NO AUDIO HARDWARE. Central negative datapoint for headphones as the CN vehicle.
AD01,Sha Po Lang audio drama merch (729 Sound Studio),backers,,2018 campaign,campaign,2018,15100,persons,,,verified_secondary,https://k.sina.cn/article_1749990115_684ebae3020017wyi.html,One source states 15067. DERIVED per backer CNY 511. Campaign duration conflicting: 3 days vs 3 months.
AD02,Mo Dao Zu Shi audio drama,earnings,,cumulative,cumulative,,10,million,CNY,,partial,https://k.sina.cn/article_1749990115_684ebae3020017wyi.html,Stated as exceeding CNY 10 million.
AD03,Po Yun / Mo Du audio dramas,earnings,,cumulative,cumulative,,1,million,CNY,,partial,https://k.sina.cn/article_1749990115_684ebae3020017wyi.html,Each stated as exceeding CNY 1 million.
AD04,Three-Body audio drama,investment,,production,cumulative,,10,million,CNY,,partial,https://k.sina.cn/article_1749990115_684ebae3020017wyi.html,Investment not revenue.
AD05,Chinese top-tier CV talent,recording_fee_per_episode,,current,rate,,5000-10000,absolute,CNY,,partial,https://k.sina.cn/article_1749990115_684ebae3020017wyi.html,Per episode. Successful creators up to ~CNY 100000 monthly. Low individual brand equity relative to JP seiyuu - consistent with the absence of individual-talent hardware collabs but NOT proof of causation.
C019,MissEvan,event_attendance,Maoer Shengke offline,2025,CY,2025-12-31,50000,persons,,,verified_secondary,https://news.qq.com/rain/a/20260712A07FZA00,Cumulative offline attendance. Also >500M topic impressions and >200M derivative content views.
C019,MissEvan,avg_dramas_purchased_per_paid_user,,annual,rate,,12,count,,,verified_secondary,https://news.qq.com/rain/a/20260712A07FZA00,Top individual user spend exceeded CNY 150000 in rewards.
C003,final,units_sold_cumulative,ASMR_and_sleep_tuned_wireless,as of 2025-12,cumulative,2025-12-31,300000,units,,,verified_primary,https://prtimes.jp/main/html/rd/p/000000216.000121822.html,CATEGORY ANCHOR. Footnote definition: ASMR・寝ホン向けにチューニングを施した自社ワイヤレスイヤホンの累計販売実績. Spans COTSUBU for ASMR / ZE500 / VR1000 families including the Patra collabs and Blue Archive editions plus non-collab models in the same tuning family.
C003,final,patra_share_of_asmr_category_floor,ASMR_and_sleep_tuned_wireless,derived,derived,2025-12-31,8.8,percent,,,derived,,DERIVED FLOOR: known Patra units 26400 (25000 + 1000 + 400) / 300000 = 8.8%. A FLOOR not an estimate - installments 3 4 and 5 are unquantified and the 1st installment total is disputed. True share is higher by an unknown amount.
C001,Preseed Japan / AVIOT,units_shipped_cumulative,Q_series_platform,as of 2024-05,cumulative,2024-05-31,250000,units,,,verified_secondary,https://dengekionline.com/article/202407/10605,Q series platform total. MIXES collab and non-collab volume - 8 confirmed AVIOT collab SKUs sit on this platform. The split is NOT disclosed and cannot be derived. Do not apportion.
C001,Preseed Japan / AVIOT,units_shipped_cumulative,all_AVIOT,as of 2021-04,cumulative,2021-04-30,830000,units,,,lead_only,https://ja.wikipedia.org/wiki/プレシードジャパン,TIER 6 ONLY. A direct fetch of the Wikipedia article returned NO citations supporting shipment or share claims. Indicative not citable.
C001,Preseed Japan / AVIOT,registered_product_owners,all_AVIOT,as of 2021-04,cumulative,2021-04-30,160000,persons,,,lead_only,https://ja.wikipedia.org/wiki/プレシードジャパン,TIER 6 ONLY. Same citation problem as the shipment figure.
C001,Preseed Japan / AVIOT,market_rank,JP_wireless_earphones,within 1yr of 2018 launch,point_in_time,,3,rank,,,lead_only,https://ja.wikipedia.org/wiki/プレシードジャパン,Attributed to BCN Inc research. TIER 6 sourcing - not verified against a BCN publication.
P0094,MOONDROP Robin (Honkai Star Rail),units_sold,marketplace_counters,around 2024-10,point_in_time,2024-10-31,20000,units,,,lead_only,https://m.hupu.com/bbs/628547646,TIER 6 FORUM ONLY - NOT CITABLE. Douyin ~12000 + JD ~4000 + Tmall ~4000. Magnitude is independently plausible (same order as ag Patra 25000). Product now delisted from JD so counters cannot be re-checked.
P0117,MOONDROP RAYS AG edition,collab_price_premium,vs_base_SKU,2025-12,derived,2025-12-13,10.0,percent,,,derived,https://www.ithome.com/0/904/739.htm,DERIVED: CNY 439 collab vs CNY 439-40=399 base = +10.0%. THE ONLY MEASURED COLLAB PREMIUM IN THE DATASET - both prices primary-sourced. Contrast with auction-market commentary claiming ~20% typical.
MKT03,Japan collab earphone resale (Aucfan),completed_auctions,trailing_30_days,2026-09,point_in_time,2026-09-07,5,count,,,partial,https://aucfan.com/intro/q-~a5b3a5e9a5dca5a4a5e4a5dba5f3/,Query コラボイヤホン. Full page fetch returned HTTP 429; figure from search-surfaced summary. Very thin float - consistent with buyers keeping made-to-order fan goods.
MKT03,Japan collab earphone resale (Aucfan),average_winning_price,trailing_30_days,2026-09,point_in_time,2026-09-07,11883,absolute,JPY,,partial,https://aucfan.com/intro/q-~a5b3a5e9a5dca5a4a5e4a5dba5f3/,Average across only 5 auctions - statistically weak.
MKT04,Japan headphone/earphone market,tws_share_of_units,total,reported 2022-01,point_in_time,2022-01-31,35.0,percent,,,partial,https://www.bcnretail.com/research/detail/20220131_263891.html,BCN POS data - first time above 30%. DIRECT FETCH RETURNED 404; figure from search-surfaced summary.
MKT04,Japan headphone/earphone market,price_band_share_under_10000JPY,total,BCN POS,point_in_time,,46.7,percent,,,partial,https://www.bcnretail.com/research/detail/20220131_263891.html,Entry band. Collab SKUs at JPY 18000-22880 sit ABOVE this band and BELOW the 25000+ band.
MKT04,Japan headphone/earphone market,price_band_share_over_25000JPY,total,BCN POS,point_in_time,,30,percent,,,partial,https://www.bcnretail.com/research/detail/20220131_263891.html,High-end band. ONKYO Girls Band Cry custom IEMs at 104500-250000 sit far above the entire consumer distribution.
MKT05,Japan headphone market,market_value,total,2024,CY,2024-12-31,738.2,million,USD,,partial,https://www.globalresearch.co.jp/reports/japan-headphones-market-expert/,Third-party market research. Forecast ~USD 992.1 million by 2034 at CAGR 3.00%.
MKT06,Global TWS market,market_value,total,2024,CY,2024-12-31,13240,million,USD,,partial,https://www.marketresearch.co.jp/insights/true-wireless-headphones-market-straits/,Reported as USD 13.24bn 2024 rising to USD 15.86bn 2025 at CAGR 19.82%. Q2 2024 TWS +12.6% YoY.
C016,MOONDROP,annual_sales_or_output_value,total,recent,ambiguous,,100,million,CNY,,partial,https://www.bilibili.com/video/BV14LMD6CE8K/,METRIC BASIS NOT ESTABLISHED. A factory-tour video title states 年销过亿 (annual sales over CNY 100mn) while the trade profile phrased it as 从产值几十万到上亿 (output value). Different metrics; sources disagree. Order CNY 100mn+ either way.
C044,Aoni Production,roster_size,voice_actors,current,point_in_time,,492,persons,,,partial,https://talent-dictionary.com/s/agencies/213,LARGEST JAPANESE VOICE AGENCY. Reported as 492 by one source and 400+ by another - UNRECONCILED. Zero audio hardware collabs found.
C045,Mausu Promotion,roster_size,voice_actors,current,point_in_time,,155,persons,,,partial,https://mausu.net/talent/,~155 registered. Zero audio hardware collabs found.
C046,I'm Enterprise,roster_size,voice_actors,current,point_in_time,,100,persons,,,partial,https://www.seiyuou.com/act-list_p/all/アイムエンタープライズ_all_default_1.html,100+ at roughly 3 male to 7 female. Zero audio hardware collabs found.
C048,Kiramune,roster_size,seiyuu_label,2026,point_in_time,,20,persons,,,verified_secondary,https://kiramune-fan.info/member/,20 members in 5 units - solo x6 CONNECT x2 Trignal SparQlew and IXIS x6. AVIOT reached 13 of them in ONE deal. New unit IXIS joined 2025-11-16 and debuted 2026-03-05.
C022,ANYCOLOR,roster_size,nijisanji_domestic,2026,point_in_time,,150,persons,,,partial,https://ja.wikipedia.org/wiki/にじさんじ,~150 domestic livers; ~170-180 including NIJISANJI EN. DEEPEST BENCH - at least 12 individuals have had a collab earphone across AVIOT and ONKYO. Licenses as INDIVIDUALS.
C021,COVER Corp,roster_size,hololive_production,2026-06,point_in_time,2026-06-30,78,persons,,,verified_secondary,https://ja.wikipedia.org/wiki/ホロライブプロダクション,78 total talents. Runs hololive (female) and holostars (male). hololive ID EN and DEV_IS were INTEGRATED into hololive on 2026-09-07. Licenses as UNITS not individuals - 4 EN units via AVIOT.
C025,774 inc.,roster_size,nanashi_inc,current,point_in_time,,25,persons,,,verified_secondary,https://blitz-marketing.co.jp/column/19086/,25 female talents.
C025,774 inc.,total_youtube_subscribers,nanashi_inc,current,point_in_time,,2000000,persons,,,partial,https://blitz-marketing.co.jp/column/19086/,>2 million combined YouTube subscribers across the roster.
C025,774 inc.,total_x_followers,nanashi_inc,current,point_in_time,,1200000,persons,,,partial,https://blitz-marketing.co.jp/column/19086/,>1.2 million combined X followers.
C051,viviON,roster_size,aogiri_high_school,current,point_in_time,,11,persons,,,verified_secondary,https://vtuber-post.com/news/23950,11 active talents in Aogiri High School. Channel passed 1 million subscribers 2024-04-27.
C024,VirtuaReal,roster_size,all_branches,2026-07,point_in_time,2026-07-31,61,persons,,,verified_secondary,https://zh.wikipedia.org/zh-cn/VirtuaReal,61 active members - VRP 48 across 27 generations plus Star 2 and Link 11. 145.54 million cumulative bilibili followers.
MKT07,Japanese seiyuu agency pool (4 largest),combined_roster_estimate,voice_actors,current,derived,,750,persons,,,derived,,DERIVED FLOOR: Aoni ~492 + Mausu ~155 + I'm Enterprise ~100 = ~747. Excludes 81 Produce whose roster size was NOT FOUND. NOT ONE HARDWARE COLLABORATION FOUND ACROSS ANY OF THEM - see gaps G046 on whether they decline or are unapproached.
C001,Preseed Japan / AVIOT,units_shipped_cumulative,Q_series_platform,as of 2026-08,cumulative,2026-08-31,370000,units,,,verified_secondary,https://www.phileweb.com/news/d-av/202608/20/65789.html,SUPERSEDES the May 2024 figure of 250000. Stated as 約37万台 in the Bookworm collab release. FOURTH UNIT-MAGNITUDE TRAP CAUGHT - an automated read rendered 37万 as 37 MILLION. Correct value 370000. Consistent growth from 250000 (May 2024) to 370000 (Aug 2026). Still mixes collab and non-collab volume.
MKT04,Japan TWS market,price_band_share_under_10000JPY,total,2025-11,point_in_time,2025-11-29,40,percent,,,verified_secondary,https://www.bcnretail.com/news/detail/20251129_574920.html,CURRENT DATA - supersedes the Jan 2022 figure of 46.7%. BCN POS.
MKT04,Japan TWS market,price_band_share_10000_to_20000JPY,total,2025-11,point_in_time,2025-11-29,20,percent,,,verified_secondary,https://www.bcnretail.com/news/detail/20251129_574920.html,THE THIN MIDDLE BAND. Collab SKUs at JPY 18700 sit here; those at 22880 sit in the top band.
MKT04,Japan TWS market,price_band_share_over_20000JPY,total,2025-11,point_in_time,2025-11-29,40,percent,,,verified_secondary,https://www.bcnretail.com/news/detail/20251129_574920.html,CURRENT. Market is polarised 40/20/40 - polarisation began around 2020. Most JP collab SKUs (22880) sit in this top band.
MKT04,Japan TWS market,channel_share_physical_retail,total,2025-11,point_in_time,2025-11-29,65,percent,,,partial,https://www.bcnretail.com/news/detail/20251129_574920.html,Stated as 60-70% physical versus 30-40% online. Midpoint recorded. NOTE this is the overall TWS market - collab SKUs are overwhelmingly brand-direct online which is the opposite of the category norm.
MKT08,Japan TWS market (BCN 2026 H1),top10_collab_brand_presence,total,2026 H1,H1,2026-06-30,0,count,,,verified_secondary,https://news.yahoo.co.jp/articles/6b8fb46ca4df04b77c70bdd18fcbe4aa1c21af07,NO COLLABORATION BRAND APPEARS IN THE BCN 2026 H1 TOP 10. Ranking: 1 AirPods Pro 3; 2 AirPods 4 ANC; 3 REDMI Buds 8 Lite; 4 AirPods 4; 5 Soundcore P40i; 6 Soundcore P30i; 7 Sony WF-1000XM6; 8 Soundcore Liberty 5; 9 Sony WF-C510; 10 INZONE Buds. Apple 4 models Anker 3 Sony 3 Xiaomi 1. Xiaomi overtook Anker and Sony. AVIOT ONKYO and final are all absent - confirms the niche is invisible at national POS scale.
C015,Audio-Technica,market_share,BCN_audio_accessories_category,recent,point_in_time,,22.7,percent,,,verified_secondary,https://www.bcnaward.jp/award/gallery/detail/contents_type=221,BCN AWARD audio accessories category RANK 1. Sanwa Supply 2nd at 17.3%; Elecom 3rd at 13%. STRATEGICALLY NOTABLE - the brand that deliberately ships no talent-branded product is the category leader. BCN covers ~40% of Japan storefront market.
C021,COVER Corp,operating_profit,total,FY2026/3,FY,2026-03-31,7000,million,JPY,,partial,https://www.moguravr.com/cover-2026-q4-earnings/,Approximately 70億円. DERIVED operating margin 14.2% - versus ANYCOLOR 36.2%. Fills the earlier gap G007.
C021,COVER Corp,net_income,total,FY2026/3,FY,2026-03-31,3016,million,JPY,-45.7,verified_secondary,https://www.moguravr.com/cover-2026-q4-earnings/,30億1600万円. Revenue grew 13.7% while net income fell 45.7% - a licensor under margin pressure.
C021,COVER Corp,revenue,live_events,FY2026/3,FY,2026-03-31,9247,million,JPY,18.7,verified_secondary,https://www.moguravr.com/cover-2026-q4-earnings/,92億4700万円 = 18.7% of revenue. Completes the COVER segment split alongside merchandising and licensing.
C021,COVER Corp,revenue_per_talent_derived,total,FY2026/3,derived,2026-03-31,632,million,JPY,,derived,,DERIVED: 49330 / 78 talents = JPY 632 million per talent. Compare ANYCOLOR ~371 million.
C022,ANYCOLOR,revenue_per_talent_derived,total,FY2026/4,derived,2026-04-30,371,million,JPY,,derived,,DERIVED: 55681 / ~150 domestic livers = JPY 371 million. ~318 million if ~175 including EN.
C028,Sanrio,revenue,total,FY2026/3,FY,2026-03-31,194088,million,JPY,33.9,verified_secondary,https://investalk.jp/8136/sanrio-2026-03-earnings/,1940億8800万円 RECORD HIGH. Fifth consecutive year of growth. LARGEST PURE LICENSOR IN THE DATASET - licensed to THREE audio brands (AVIOT Zeeny Hi-Unit) at the lowest price points in the market.
C028,Sanrio,adjusted_operating_profit,total,FY2026/3,FY,2026-03-31,78400,million,JPY,,verified_secondary,https://investalk.jp/8136/sanrio-2026-03-earnings/,784億円. DERIVED adjusted operating margin 40.4%.
C028,Sanrio,revenue_share_japan,total,FY2026/3,FY,2026-03-31,58.5,percent,,,verified_secondary,https://gamebiz.jp/news/428299,Japan 58.5% of revenue. Overseas growth from North America multi-character strategy and China Korea Taiwan demand.
C028,Sanrio,revenue,total,FY2027/3 Q1,Q1,2026-06-30,52000,million,JPY,,verified_secondary,https://finance.biggo.jp/news/5b95ddba-578a-415a-b97e-753654e36c74,520億円 record quarter but profit constrained by rising overseas costs.
C057,Bandai Namco Holdings,revenue,total,FY2026/3,FY,2026-03-31,1348246,million,JPY,8.6,verified_secondary,https://gamebiz.jp/news/425799,1兆3482億4600万円 RECORD. LARGEST ENTITY IN THE DATASET. Q3 cumulative crossed JPY 1 trillion for the first time.
C057,Bandai Namco Holdings,revenue,visual_and_music_production,FY2026/3,FY,2026-03-31,95506,million,JPY,5.3,verified_secondary,https://gamebiz.jp/news/425799,955億600万円. THE SEGMENT CONTAINING BANDAI NAMCO MUSIC LIVE AND THEREFORE KIRAMUNE. Segment profit 121億8100万円 +3.4%. Group strategy explicitly names strengthening licensing and live events.
C049,Bandai Namco Music Live,net_income,total,FY2023/3,FY,2023-03-31,4626,million,JPY,82,verified_secondary,https://gamebiz.jp/news/370175,46億2600万円 +82%. The direct operator of Kiramune - the route buyers use to reach seiyuu. Current-year revenue NOT FOUND.
C058,Square Enix Holdings,revenue,total,FY2026/3,FY,2026-03-31,297661,million,JPY,-8.3,verified_secondary,https://gamebiz.jp/news/425884,2976億6100万円. Operating profit 547億3600万円 +34.9%; ordinary profit 644億6900万円 +57.5%. Parent of Taito.
C009,Taito,revenue,total,FY2026/3,FY,2026-03-31,72944,million,JPY,1.7,verified_secondary,https://gamebiz.jp/news/427891,729億4400万円. Operating profit 56億8500万円 +6.1%. The Groove Coaster x hololive counterparty.
C023,bilibili,revenue,total,FY2025,FY,2025-12-31,30350,million,CNY,13,verified_secondary,https://www.stcn.com/article/detail/3663609.html,303.5亿元 - FIRST FULL-YEAR PROFIT IN COMPANY HISTORY. Owns MissEvan and wholly owns VirtuaReal so it is the single door to Chinese audio-drama talent AND Nijisanji-China.
C023,bilibili,revenue,total,2026 Q2,Q2,2026-06-30,7940,million,CNY,8,verified_secondary,https://www.globenewswire.com/news-release/2026/08/27/3351838/0/en/bilibili-inc-announces-second-quarter-2026-financial-results.html,Advertising 31.3亿元 +28%. DAU 116.5 million +7%. Gross margin 37.1% - 15th consecutive quarter of expansion. Mobile games -12%.
C023,bilibili,revenue,total,2026 Q1,Q1,2026-03-31,7470,million,CNY,7,verified_secondary,https://www.globenewswire.com/news-release/2026/05/19/3297243/0/en/Bilibili-Inc-Announces-First-Quarter-2026-Financial-Results.html,Advertising 25.9亿元 +30%. Net profit 2.02亿元; adjusted net +62%. DAU 115.2 million +8%.
C059,Adways,revenue_guidance,total,FY2026/12,FY_guidance,2026-12-31,11800,million,JPY,-3.4,verified_secondary,https://finance.matsui.co.jp/stock/2489/settlement/index,118億円 guidance. Operating profit guidance 15億円 +404.7%. LISTED PARENT OF 774 inc. AND SMALLER THAN EITHER BIG-TWO VTUBER AGENCY. VTuber business NOT separately disclosed.
C059,Adways,revenue,total,FY2026/12 H1,H1,2026-06-30,6300,million,JPY,7.1,verified_secondary,https://finance.matsui.co.jp/stock/2489/settlement/index,63億円. Operating profit 10億円 - turned from a prior-year loss.
C051,viviON,revenue,group_total,FY2023,FY,2023-12-31,52900,million,JPY,16.5,verified_secondary,https://0115765.com/archives/73771,529億円. Series: FY2021 354億 (from 250億); FY2022 454億 +28%; FY2023 529億. Three consecutive growth years since the 2021 group formation. Owns DLsite via Axis and Aogiri High School.
C051,viviON,revenue,dlsite_voice_asmr_segment,annual,annual,,8500,million,JPY,,verified_secondary,https://sg.wantedly.com/companies/www-vivion-co/post_articles/297605,85億円 - SIZES THE JAPANESE DOUJIN VOICE/ASMR CONTENT MARKET. ~1.1 million users purchase voice/ASMR works annually. This is the demand pool final ASMR earphone franchise sells into; against it final 300000 cumulative ASMR units is meaningful penetration.
C029,miHoYo,revenue,total,2025,CY,2025-12-31,78000,million,CNY,38,partial,https://finance.sina.com.cn/stock/roll/2026-01-22/doc-inhiecav4723330.shtml,780亿元 +38% - growth far above Tencent Games +8% and NetEase Games +12%. Genshin >400亿; HONKAI STAR RAIL ~280亿; Zenless and others ~100亿. Private company so figures are analyst estimates.
C029,miHoYo,asymmetry_ratio_vs_moondrop,derived,2025,derived,2025-12-31,780,ratio,,,derived,,DERIVED: miHoYo CNY 78bn / Moondrop order CNY 100mn = ~780x. Honkai Star Rail alone at CNY 28bn is ~280x Moondrop. THE STARKEST SCALE ASYMMETRY IN THE PROJECT - for the rightsholder a collab earphone is a marketing surface not a revenue line.
C027,Yostar,title_revenue_cumulative,Blue Archive worldwide,to 2023-01,cumulative,2023-01-31,240,million,USD,,verified_secondary,https://news.denfaminicogamer.jp/news/230217k,>USD 240 million (~323億3500万円) cumulative to Jan 2023 with JAPAN AT 75%. Blue Archive is ~30% of Yostar Japan revenue and its number 2 title. MOST-COLLABORATED RIGHTSHOLDER - four audio collabs across AVIOT and final.
C002,Onkyo,units_ordered_annual,earphones_and_headphones,2025,CY,2025-12-31,100000,units,,,verified_primary,https://www.dreamnews.jp/press/0000346883,BEST COLLAB-SPECIFIC BRAND VOLUME FIGURE IN THE DATASET. Exceeded 100000 units for the first time in 2025; announced 2026-04-21. Release cites 9 base models as collab platforms and highlights 4 anime properties and 4 VTuber talents. Direct-only distribution. CAVEAT the wording is earphones and headphones not collab-exclusive so treat as category-level.
C002,Onkyo,annual_order_value_derived,collab_category,2025,derived,2025-12-31,1800-2200,million,JPY,,derived,,DERIVED WITH STATED ASSUMPTION: 100000 units at the observed ONKYO collab band of JPY 18000-22000. Assumes the 100000 is substantially collab volume which the release frames but does not state exclusively.
C062,Shueisha,revenue,total,85th term FY2026/5,FY,2026-05-31,228954,million,JPY,-0.1,verified_secondary,https://rtbsquare.work/archives/61430,2289億5400万円. Net income 193億6100万円 -0.5%.
C062,Shueisha,revenue,business_income_rights_and_merch,85th term FY2026/5,FY,2026-05-31,110000,million,JPY,,verified_secondary,https://news.yahoo.co.jp/expert/articles/840f7fc0c3c132d959b2a4b2ae56cf944948b49f,事業収入 EXCEEDED 110億円 AND SURPASSED PUBLISHING SALES FOR THE FIRST TIME IN COMPANY HISTORY. Rights and merchandise are COMBINED so not separable. Prior term this line grew +35.6%.
C063,Shogakukan,revenue,total,88th term FY2026/2,FY,2026-02-28,103567,million,JPY,-5.5,verified_secondary,https://www.bunkanews.jp/article/464887/,1035億6700万円. Ordinary profit 22億9300万円 -53.0%; net 26億2300万円 -28.0%.
C063,Shogakukan,revenue,rights_income,87th term FY2025/2,FY,2025-02-28,15729,million,JPY,26.8,verified_secondary,https://www.bunkanews.jp/article/424058/,版権収入等 157億2900万円 +26.8% - EXPLICITLY DRIVEN BY FILM AND TV ADAPTATIONS OF ITS MANGA. 87th term total revenue 1096億1600万円 +0.8%.
C064,Kodansha,revenue,total,87th term FY2025/11,FY,2025-11-30,169169,million,JPY,-1.1,verified_secondary,https://gamebiz.jp/news/422754,1691億6900万円. Operating profit 104億円 -3.1%; ordinary 151億円 +5.5%; net 111億8800万円 +19.4%.
C064,Kodansha,revenue,rights_income,87th term FY2025/11,FY,2025-11-30,28540,million,JPY,-11.8,verified_secondary,https://www.bunkanews.jp/article/454118/,ライツ収入 285億4000万円 -11.8%. Full disclosed split: products 430億2100万 -8.6%; digital 861億9100万 +8.0%; rights 285億4000万 -11.8%; advertising 69億2900万 -2.6%; other 12億8200万; real estate 30億800万.
C064,Kodansha,revenue,digital,87th term FY2025/11,FY,2025-11-30,86191,million,JPY,8.0,verified_secondary,https://www.bunkanews.jp/article/454118/,861億9100万円 +8.0% - digital is now the largest single line at ~51% of revenue.
C065,ShoPro,net_income,total,FY2026/3,FY,2026-03-31,2415,million,JPY,-9.6,verified_secondary,https://gamebiz.jp/news/428879,24億1500万円 -9.6%. THE JOINT LICENSING ARM OF SHOGAKUKAN AND SHUEISHA - likely the actual counterparty for either publisher IP.
C066,Aniplex,revenue,total,FY2026/3,FY,2026-03-31,211595,million,JPY,45.1,verified_secondary,https://gamebiz.jp/news/428597,2115億9500万円 +45.1% - FASTEST-GROWING RIGHTSHOLDER IN THE DATASET. Operating profit 390億8300万円 +62.2%; ordinary 444億400万円 +56.4%; net 310億5800万円 +46.3%.
C066,Aniplex,revenue,total,FY2025/3,FY,2025-03-31,145832,million,JPY,-3.5,verified_secondary,https://gamebiz.jp/news/408246,1458億3200万円 -3.5%. Operating profit 240億9800万円 +3.4%; net 212億3500万円 +6.3%. Shows how volatile a single-year IP cycle is - +45% the following year.
C067,Toei,revenue,total,FY2026/3,FY,2026-03-31,185333,million,JPY,3.0,verified_secondary,https://finance.yahoo.co.jp/quote/9605.T/financials,1853億3300万円 +3.0%. Operating profit 360億9600万円 +2.7%. Five segments with exhibition +33.0% and events +16.1%. TOKUSATSU RIGHTS SIT INSIDE THE VISUAL SEGMENT AND ARE NOT SPLIT BY IP.
C068,Toei Animation,revenue,total,FY2026/3,FY,2026-03-31,93600,million,JPY,6.4,partial,https://gamebiz.jp/news/425677,936億円 - REVISED GUIDANCE from 880億円 not confirmed actuals. Operating profit revised to 310億円 +19.2%; ordinary 334億円; net 250億円 +30.9%. Dividend raised 41 to 44 yen.
C068,Toei Animation,revenue,rights_licensing_segment,FY2026/3,FY,2026-03-31,48905,million,JPY,-3.3,verified_secondary,https://data.swcms.net/file/toei-anim/dam/jcr:c0ab61b4-a572-4db1-a9b8-e304a70fbb76/140120260513529444.pdf,版権事業 489億500万円 from 505億8200万円. ~52% OF COMPANY REVENUE IS LICENSING AND IT IS A DISCLOSED SEGMENT WITH FULL P&L - THE BEST LICENSING BENCHMARK IN THE PROJECT. Upward revision driven by OVERSEAS licensing above plan.
C069,Tsuburaya Productions,revenue,total,FY2026/3,FY,2026-03-31,13870,million,JPY,-15.4,verified_secondary,https://www.tsuburaya-fields.co.jp/ir/j/files/press/2026/press_20260512c.pdf,138億7000万円 -15.4%; operating profit 9億3000万円 -67.0%. Domestic grew on the Ultraman 60th anniversary and STRATEGIC COLLABORATIONS TO RAISE IP VALUE. Overseas fell as CHINA licensing declined - block-toy and trading-card partners revised ranges after one-off hits settled.
C070,KADOKAWA,revenue,total,FY2026/3,FY,2026-03-31,282908,million,JPY,1.8,verified_secondary,https://gamebiz.jp/news/425889,2829億800万円 +1.8%. Operating profit 81億200万円 -51.3%; ordinary 117億100万円 -34.1%; net 12億7800万円 -82.7%.
C070,KADOKAWA,licensing_income_change,publishing_and_IP_creation,FY2026/3,FY,2026-03-31,-21.1,percent,,,verified_secondary,https://gamebiz.jp/news/425889,LICENSING INCOME -21.1% and the anime/live-action segment SWUNG TO AN OPERATING LOSS on the prior-year Oshi no Ko comparison. ABSOLUTE VALUE NOT DISCLOSED - only the movement. Makes KADOKAWA the largest Japanese IP holder currently in a licensing downturn.
C028,Sanrio,operating_profit,total,FY2026/3,FY,2026-03-31,77859,million,JPY,50.3,verified_secondary,https://gamebiz.jp/news/428299,778億5900万円 +50.3%. DERIVED operating margin 40.1% - THE HIGHEST OF ANY COMPANY IN THE DATASET. Ordinary 793億3500万円 +48.4%.
C028,Sanrio,net_income,total,FY2026/3,FY,2026-03-31,54608,million,JPY,30.9,verified_secondary,https://gamebiz.jp/news/428299,546億800万円 +30.9% record high.
C028,Sanrio,employees,total,FY2026/3,FY,2026-03-31,2157,persons,,,verified_secondary,https://gamebiz.jp/news/428299,2157 employees +712 YoY. DERIVED revenue per employee JPY 90.0 million.
C028,Sanrio,revenue_share,merchandise_and_licensing,FY2026/3,FY,2026-03-31,90.3,percent,,,verified_secondary,https://gamebiz.jp/news/428299,Merchandise sales AND licensing COMBINED at 90.3% of revenue - not separable. Growth driven by Hello Kitty plus Kuromi and My Melody anniversaries; Pompompurin 30th from Jan 2026.
C022,ANYCOLOR,employees,non_consolidated,FY2026/4,FY,2026-04-30,532,persons,,,verified_secondary,https://the-shashi.com/tse/5032/workforce/,532 employees plus 34 temporary. Average tenure 2.3 years; average age 31.8. DERIVED revenue per employee JPY 104.7 million.
C022,ANYCOLOR,average_annual_salary,non_consolidated,FY2026/4,FY,2026-04-30,4.96,million,JPY,,verified_secondary,https://www.nikkei.com/nkd/company/salary/?scode=5032,496万円. Compare COVER 610万円.
C021,COVER Corp,average_annual_salary,non_consolidated,FY2026/3,FY,2026-03-31,6.10,million,JPY,,verified_secondary,https://www.nikkei.com/nkd/company/salary/?scode=5253,610万円 - higher than ANYCOLOR at 496万円. Headcount rose +142 staff YoY on expanded hiring; exact total PAYWALLED.
C057,Bandai Namco Holdings,segment_profit,visual_and_music_production,FY2026/3,FY,2026-03-31,12181,million,JPY,3.4,verified_secondary,https://gamebiz.jp/news/425799,121億8100万円 +3.4% on segment revenue 955億600万円. THE SEGMENT CONTAINING BANDAI NAMCO MUSIC LIVE AND THEREFORE KIRAMUNE.
C077,Bandai Namco Filmworks,net_income,total,FY2026/3,FY,2026-03-31,3319,million,JPY,-43.8,verified_secondary,https://gamebiz.jp/news/427878,33億1900万円 -43.8%. Series: FY2024/3 39億7000万 -25.6%; FY2025/3 59億600万 +48.8%; FY2026/3 33億1900万 -43.8%. Formed April 2022 with SUNRISE AS THE SURVIVING ENTITY absorbing Bandai Namco Arts visual business and Bandai Namco Rights Marketing. CO-OPERATOR OF KIRAMUNE with Bandai Namco Music Live.
C012,Nippon Television,revenue,total,FY2026/3,FY,2026-03-31,484400,million,JPY,4.9,verified_secondary,https://finance.yahoo.co.jp/quote/9404.T/financials,4844億円 +4.9%. Operating profit 693億円 +26.2%; ordinary 820億円 +24.9%. Segments Content/Media Wellness Real Estate. BOTH AN IP SOURCE AND A RETAIL CHANNEL - sold final Evangelion line 2020 and the Namikawa TWSN73.
C012,Nippon Television,revenue,merchandise_sales,FY2026/3 Q3 cum,Q3_cumulative,2025-12-31,26275,million,JPY,,verified_secondary,https://www.ntvhd.co.jp/data_cms/pdf/news/38_3q.pdf,262億7500万円 at Q3 up 7億1700万円 YoY - includes la belle vie apparel so not a pure IP-goods line.
C007,Universal Music Japan,employees,total,current,point_in_time,,550,persons,,,verified_secondary,https://www.universal-music.co.jp/company/,~550 employees. Capital 295億200万円. Founded 1990-04-20 as PolyGram K.K. CEO Fujikura Naoshi. REVENUE NOT DISCLOSED.
C027,Yostar,employees,total,2026-01,point_in_time,2026-01-01,319,persons,,,verified_secondary,https://salesnow.jp/db/companies/jcb03244mh8t77m2x,319 employees. Established 2017-01-16. REVENUE NOT DISCLOSED BY COMPANY POLICY. THE MOST-COLLABORATED RIGHTSHOLDER - four confirmed audio collabs across AVIOT and final incl both COTSUBU ASMR Blue Archive editions.
C073,COLOPL,revenue,total,FY2026/9 H1,H1,2026-03-31,10088,million,JPY,-28.2,verified_secondary,https://news.yahoo.co.jp/articles/74d93d0bc5c39bba5299dd9ffb9874c68a36714d,100億8800万円 -28.2%; operating profit 5億3300万円 -62.3%. Entertainment segment 98億2000万円 -18.2% with operating profit 6億5500万円 returned to profit.
C074,Broccoli,revenue,total,FY2019/2 reference,FY,2019-02-28,5975,million,JPY,10.4,verified_secondary,http://animationbusiness.info/archives/7706,59億7500万円 +10.4% with UTA NO PRINCE-SAMA MORE THAN HALF OF REVENUE. Latest clean full-year figure found; recent periods only partial. The franchise itself has been valued at 100-300億円.
C075,Nitroplus,revenue,total,FY2023/8,FY,2023-08-31,4000,million,JPY,,verified_secondary,https://www.nikkei.com/article/DGXZQOUC2689K0W4A620C2000000/,40億円; net income 6億2300万円. SMALLEST RIGHTSHOLDER IN THE DATASET yet still twice ONKYO derived collab-category revenue. CyberAgent acquired 72.5% on 2024-07-01 for JPY 16.7bn.
C076,Axis,revenue_growth_years,dlsite,cumulative,cumulative,,24,count,,,verified_secondary,https://vivion.jp/news/50,DLsite revenue has grown for 24 CONSECUTIVE YEARS. viviON group employees 694 as of March 2025.
MKT09,Japanese IP licensing lines (comparison),licensing_disclosure_tier,cross_company,FY2026,derived,2026-03-31,5,count,,,derived,,DERIVED COMPARISON of the five Japanese counterparties that disclose a licensing or rights line: Toei Animation 版権事業 489億 (~52% of revenue); Kodansha ライツ収入 285億; Shogakukan 版権収入等 157億; Shueisha 事業収入 >1100億 (combined with merch); COVER Licensing/Tie-up 72億. ANYCOLOR Yostar Khara and Bunka Broadcasting disclose NOTHING. AN ENTRANT SHOULD BENCHMARK AGAINST THE FIRST GROUP.
