product_id,brand,brand_country,product_name,model_code,partner_name,partner_class,partner_agency,form_factor,connectivity,collab_depth,price_value,price_currency,price_tax_basis,voice_clip_count,announce_date,order_open,release_date,availability,driver_config,bt_version,codecs,battery_bud_h,battery_case_h,water_rating,weight_g,units_sold,units_basis,channel,confidence,notes
P0001,AVIOT,JP,hololive English -Advent- collab model,TE-V1R-HE2,hololive English -Advent-,vtuber_unit,COVER Corp,tws_iem,wireless_bt,cosmetic_plus_media,22880,JPY,incl,370,,,,limited_sold_out,10mm dynamic + BA hybrid,5.3,LDAC;AAC;SBC,19,62,IPX4,,,,AVIOT ONLINE MALL,verified_primary,370+ newly recorded clips across 5 talents
P0002,AVIOT,JP,hololive English -Myth- collab model,TE-V1R-HEN,hololive English -Myth-,vtuber_unit,COVER Corp,tws_iem,wireless_bt,cosmetic_plus_media,22880,JPY,incl,200,2024-08-16,,,discontinued,10mm dynamic + BA hybrid,5.3,LDAC;AAC;SBC,19,62,IPX4,,,,AVIOT ONLINE MALL,verified_primary,200+ clips across 10 JP/EN modes; sales ended
P0003,AVIOT,JP,hololive English -Promise- collab model,TE-V1R-HE3,hololive English -Promise-,vtuber_unit,COVER Corp,tws_iem,wireless_bt,cosmetic_plus_media,22880,JPY,incl,,2026-06-30,,,limited_active,10mm dynamic + BA hybrid,5.3,LDAC;AAC;SBC,19,62,IPX4,,,,AVIOT ONLINE MALL,verified_primary,pre-order; ships late Nov
P0004,AVIOT,JP,hololive English -Justice- collab model,TE-V1R-HE4,hololive English -Justice-,vtuber_unit,COVER Corp,tws_iem,wireless_bt,cosmetic_plus_media,22880,JPY,incl,,2026-06-30,,,limited_active,10mm dynamic + BA hybrid,5.3,LDAC;AAC;SBC,19,62,IPX4,,,,AVIOT ONLINE MALL,verified_primary,pre-order; ships late Nov
P0005,AVIOT,JP,Kiramune collab model,TE-D01v-KRM,Kiramune,seiyuu_group,Kiramune label,tws_iem,wireless_bt,cosmetic_plus_media,22000,JPY,incl,39,,2023-05-09,2023-07,limited_sold_out,10mm dynamic,5.2,,18,60,IPX4,6.3,,,AVIOT ONLINE MALL;Animate Online;Tower Records,verified_primary,13 seiyuu x 3 clips; AVIOT SOUND ME app member switching; order window closed 2023-05-31
P0006,AVIOT,JP,Gintama Yorozuya model,TE-V1R-GTY,Gintama (Yorozuya),anime_ip,,tws_iem,wireless_bt,cosmetic_plus_media,22880,JPY,incl,,,2024-08-29,2025-01,limited_sold_out,10mm dynamic + BA hybrid,5.3,LDAC;AAC;SBC,,,IPX4,,,,AVIOT ONLINE MALL,verified_primary,360+ clips across all four Gintama models combined
P0007,AVIOT,JP,Gintama Shinsengumi model,TE-V1R-GTS,Gintama (Shinsengumi),anime_ip,,tws_iem,wireless_bt,cosmetic_plus_media,22880,JPY,incl,,,2024-08-29,2025-01,limited_sold_out,10mm dynamic + BA hybrid,5.3,LDAC;AAC;SBC,,,IPX4,,,,AVIOT ONLINE MALL,verified_primary,see P0006 for combined clip count
P0008,AVIOT,JP,Gintama Joui Shitenno model,TE-V1R-GTJ,Gintama (Joui Shitenno),anime_ip,,tws_iem,wireless_bt,cosmetic_plus_media,22880,JPY,incl,,,2024-08-29,2025-01,limited_sold_out,10mm dynamic + BA hybrid,5.3,LDAC;AAC;SBC,,,IPX4,,,,AVIOT ONLINE MALL,verified_primary,see P0006 for combined clip count
P0009,AVIOT,JP,Gintama Ossan model,TE-V1R-GTO,Gintama (Ossan),anime_ip,,tws_iem,wireless_bt,cosmetic_plus_media,22880,JPY,incl,,,2024-08-29,2025-01,limited_sold_out,10mm dynamic + BA hybrid,5.3,LDAC;AAC;SBC,,,IPX4,,,,AVIOT ONLINE MALL,verified_primary,see P0006 for combined clip count
P0010,AVIOT,JP,Oshi no Ko collab model,TE-V1R-ONK,Oshi no Ko,anime_ip,,tws_iem,wireless_bt,cosmetic_plus_media,22880,JPY,incl,220,2025-07-01,2025-07-01,2025-10,limited_sold_out,10mm dynamic + BA hybrid,5.3,LDAC;AAC;SBC,19,62,IPX4,,,,AVIOT ONLINE MALL,verified_primary,hybrid ANC; multi-language AI voice guidance
P0011,AVIOT,JP,Apothecary Diaries collab model,TE-Q3-KSR,Kusuriya no Hitorigoto,anime_ip,,tws_iem,wireless_bt,cosmetic_plus_media,22880,JPY,incl,,,,,standing_catalog,,,,,,,,,,AVIOT ONLINE MALL,verified_primary,
P0012,AVIOT,JP,Haikyu!! collab model,TE-Q3-HK,Haikyu!!,anime_ip,,tws_iem,wireless_bt,cosmetic_plus_media,,JPY,,370,,,,standing_catalog,,,,,,,,,,AVIOT ONLINE MALL,verified_primary,multiple team models; 370+ clips incl character interactions; price not found
P0013,AVIOT,JP,Evangelion collab model,TE-V1R-EVA,Neon Genesis Evangelion,anime_ip,,tws_iem,wireless_bt,cosmetic_plus_media,22880,JPY,incl,,,,,standing_catalog,10mm dynamic + BA hybrid,5.3,LDAC;AAC;SBC,,,IPX4,,,,AVIOT ONLINE MALL,verified_primary,guidance voices from 9 characters
P0014,AVIOT,JP,Azur Lane 2nd wave collab model,TE-V1R-AZ2,Azur Lane,game_ip,,tws_iem,wireless_bt,cosmetic_plus_media,22880,JPY,incl,100,2026-08-31,2026-08-31,,standing_catalog,10mm dynamic + BA hybrid,5.3,LDAC;AAC;SBC,,,IPX4,,,,AVIOT ONLINE MALL,verified_primary,
P0015,AVIOT,JP,New Panty & Stocking collab model,TE-Q3R-NPS,New Panty & Stocking with Garterbelt,anime_ip,,tws_iem,wireless_bt,cosmetic_plus_media,22880,JPY,incl,250,2026-08-21,2026-08-21,,standing_catalog,,,,,,,,,,AVIOT ONLINE MALL,verified_primary,
P0016,AVIOT,JP,Dungeon Meshi collab model,TE-V1R-DJM,Dungeon Meshi,anime_ip,,tws_iem,wireless_bt,cosmetic_plus_media,22880,JPY,incl,,2026-08-04,,,standing_catalog,10mm dynamic + BA hybrid,5.3,LDAC;AAC;SBC,,,IPX4,,,,AVIOT ONLINE MALL,verified_primary,
P0017,AVIOT,JP,Jujutsu Kaisen collab model,TE-V1R-JK,Jujutsu Kaisen,anime_ip,,tws_iem,wireless_bt,cosmetic_plus_media,22880,JPY,incl,,,,,standing_catalog,10mm dynamic + BA hybrid,5.3,LDAC;AAC;SBC,,,IPX4,,,,AVIOT ONLINE MALL,verified_primary,new original logo design on package and buds
P0018,AVIOT,JP,Blue Archive collab model,TE-V1R-BLA,Blue Archive,game_ip,Yostar,tws_iem,wireless_bt,cosmetic_plus_media,22880,JPY,incl,,,,,standing_catalog,10mm dynamic + BA hybrid,5.3,LDAC;AAC;SBC,,,IPX4,,,,AVIOT ONLINE MALL,verified_primary,
P0019,AVIOT,JP,Madoka Magica Rebellion collab model,TE-V1R-MMM,Mahou Shoujo Madoka Magica (Rebellion),anime_ip,,tws_iem,wireless_bt,cosmetic_plus_media,22880,JPY,incl,,,,,standing_catalog,10mm dynamic + BA hybrid,5.3,LDAC;AAC;SBC,,,IPX4,,,,AVIOT ONLINE MALL,verified_primary,
P0020,AVIOT,JP,Gakuen Idolmaster collab model,TE-V1R-GIM,Gakuen Idolmaster,game_ip,Bandai Namco,tws_iem,wireless_bt,cosmetic_plus_media,22880,JPY,incl,,,,,standing_catalog,10mm dynamic + BA hybrid,5.3,LDAC;AAC;SBC,,,IPX4,,,,AVIOT ONLINE MALL,verified_primary,
P0021,AVIOT,JP,Go-toubun no Hanayome collab model,TE-V1R-GHY,Go-toubun no Hanayome,anime_ip,,tws_iem,wireless_bt,cosmetic_plus_media,22880,JPY,incl,,2025-11-18,,,standing_catalog,10mm dynamic + BA hybrid,5.3,LDAC;AAC;SBC,,,IPX4,,,,AVIOT ONLINE MALL,verified_primary,
P0022,AVIOT,JP,Shin Tennis no Ouji-sama 2nd wave,TE-V1R-TP-S2,Shin Tennis no Ouji-sama,anime_ip,,tws_iem,wireless_bt,cosmetic_plus_media,22880,JPY,incl,,,,,standing_catalog,10mm dynamic + BA hybrid,5.3,LDAC;AAC;SBC,,,IPX4,,,,AVIOT ONLINE MALL,verified_primary,
P0023,AVIOT,JP,Katekyo Hitman REBORN! collab model,TE-Q3-RBN,Katekyo Hitman REBORN!,anime_ip,,tws_iem,wireless_bt,cosmetic_plus_media,22880,JPY,incl,,,,,standing_catalog,,,,,,,,,,AVIOT ONLINE MALL,verified_primary,
P0024,AVIOT,JP,Lycoris Recoil collab model,TE-V1R-LYC,Lycoris Recoil,anime_ip,,tws_iem,wireless_bt,cosmetic_plus_media,19800,JPY,incl,,2026-06-11,,,standing_catalog,10mm dynamic + BA hybrid,5.3,LDAC;AAC;SBC,,,IPX4,,,,AVIOT ONLINE MALL,verified_primary,
P0025,AVIOT,JP,Kuromi collab model,TE-Q3R-KUR,Kuromi,character_ip,Sanrio,tws_iem,wireless_bt,cosmetic,19800,JPY,incl,,2026-04-09,,,standing_catalog,,,,,,,,,,AVIOT ONLINE MALL,verified_primary,
P0026,AVIOT,JP,Cinnamoroll collab model,TE-Q3R-CNR,Cinnamoroll,character_ip,Sanrio,tws_iem,wireless_bt,cosmetic,19800,JPY,incl,,2026-04-09,,,standing_catalog,,,,,,,,,,AVIOT ONLINE MALL,verified_primary,
P0027,AVIOT,JP,Kagura Nana collab model,TE-V1R-KGR,Kagura Nana,vtuber_individual,independent,tws_iem,wireless_bt,cosmetic_plus_media,18700,JPY,incl,,2026-06-25,,,standing_catalog,10mm dynamic + BA hybrid,5.3,LDAC;AAC;SBC,,,IPX4,,,,AVIOT ONLINE MALL,verified_primary,individual talent tier
P0028,AVIOT,JP,96Neko collab model,TE-V1R-96N,96Neko,utaite_individual,independent,tws_iem,wireless_bt,cosmetic_plus_media,18700,JPY,incl,,2026-03-30,,,standing_catalog,10mm dynamic + BA hybrid,5.3,LDAC;AAC;SBC,,,IPX4,,,,AVIOT ONLINE MALL,verified_primary,individual talent tier
P0029,AVIOT,JP,Marimari Marry collab model,TE-Q3R-MRY,Marimari Marry,vtuber_unit,,tws_iem,wireless_bt,cosmetic_plus_media,18700,JPY,incl,140,2026-06-12,2026-06-12,,standing_catalog,,,,,,,,,,AVIOT ONLINE MALL,verified_primary,
P0030,AVIOT,JP,Aogiri High School collab model,TE-V1R-AGK,Aogiri High School,vtuber_unit,Aogiri High School,tws_iem,wireless_bt,cosmetic_plus_media,,JPY,,270,,,,standing_catalog,,,,,,,,,,AVIOT ONLINE MALL,verified_secondary,270+ clips; 3 audio modes; price not found
P0031,AVIOT,JP,BUSTAFELLOWS collab model,,BUSTAFELLOWS,game_ip,,tws_iem,wireless_bt,cosmetic_plus_media,,JPY,,150,,,,standing_catalog,,,,,,,,,,AVIOT ONLINE MALL,verified_secondary,150+ newly recorded clips; model code not found
P0032,AVIOT,JP,Hyakumantenbara Salome collab model,TE-V1R-SLM,Hyakumantenbara Salome,vtuber_individual,ANYCOLOR,tws_iem,wireless_bt,cosmetic_plus_media,,JPY,,,,,,,,,,,,,,,,AVIOT ONLINE MALL,lead_only,aggregator source only
P0033,AVIOT,JP,Kamen Rider 555 collab model,TE-D01v-555,Kamen Rider 555,tokusatsu_ip,Toei,tws_iem,wireless_bt,cosmetic_plus_media,,JPY,,,,,,,,,,,,,,,,AVIOT ONLINE MALL,lead_only,transformation voice clips reported
P0034,ONKYO,JP,Girls Band Cry K1 Universal,IE-K1,Girls Band Cry,anime_ip,,iem,wired,cosmetic,104500,JPY,incl,,,2026-08-28,,limited_active,1x magnesium BA full-range,,,,,,,,,ONKYO DIRECT;Oto-Ani Akihabara,verified_primary,co-developed with Suyama Dental Lab (FitEar); 5 character variants
P0035,ONKYO,JP,Girls Band Cry K1 Custom,IE-K1,Girls Band Cry,anime_ip,,iem,wired,cosmetic,143000,JPY,incl,,,2026-08-28,,limited_active,1x magnesium BA full-range,,,,,,,,,ONKYO DIRECT;Oto-Ani Akihabara,verified_primary,custom-moulded; JPY 38500 premium over universal
P0036,ONKYO,JP,Girls Band Cry K2 Universal,IE-K2,Girls Band Cry,anime_ip,,iem,wired,cosmetic,143000,JPY,incl,,,2026-08-28,,limited_active,magnesium BA + tweeter (1+1),,,,,,,,,ONKYO DIRECT;Oto-Ani Akihabara,verified_primary,
P0037,ONKYO,JP,Girls Band Cry K2 Custom,IE-K2,Girls Band Cry,anime_ip,,iem,wired,cosmetic,181500,JPY,incl,,,2026-08-28,,limited_active,magnesium BA + tweeter (1+1),,,,,,,,,ONKYO DIRECT;Oto-Ani Akihabara,verified_primary,
P0038,ONKYO,JP,Girls Band Cry K3 Custom,IE-K3,Girls Band Cry,anime_ip,,iem,wired,cosmetic,250000,JPY,incl,,,2026-08-28,,limited_active,4 BA 3-way (1 low + 2 low-mid + 1 high),,,,,,,,,ONKYO DIRECT;Oto-Ani Akihabara,verified_primary,highest price in dataset; 3-year warranty; Pelican 1010 case; tuning advisor Harada Mitsuharu
P0039,ONKYO,JP,ANIMA AOW01 Girls Band Cry TOGENASHI TOGEARI,AOW01,Girls Band Cry (Iseri Nina),anime_ip,,tws_iem,wireless_bt,cosmetic_plus_media,20000,JPY,incl_with_shipping,,2025-03-28,2025-03-28,2025-07,limited_sold_out,6mm dynamic CoClear diaphragm,5.1,,6,15,IPX7,,,,ONKYO DIRECT;Oto-Ani Akihabara,verified_primary,re-order run; order window to 2025-05-16; wireless charging
P0040,ONKYO,JP,ANIMA AOW01 Girls Band Cry Diamond Dust,AOW01,Girls Band Cry (Hina),anime_ip,,tws_iem,wireless_bt,cosmetic_plus_media,20000,JPY,incl_with_shipping,11,2025-03-28,2025-03-28,2025-07,limited_sold_out,6mm dynamic CoClear diaphragm,5.1,,6,15,IPX7,,,,ONKYO DIRECT;Oto-Ani Akihabara,verified_primary,11 voice words; package illustration by Teshima Nari
P0041,ONKYO,JP,ANIMA AOW04 Usami Lito model,AOW04,Usami Lito,vtuber_individual,ANYCOLOR,tws_iem,wireless_bt,cosmetic_plus_media,18000,JPY,incl,,2026-05-13,,,limited_active,,5.3,,,,IPX4,,,,ONKYO DIRECT;Oto-Ani Akihabara,verified_primary,made-to-order; ANC
P0042,ONKYO,JP,ANIMA AOW04 Saeki Ittetsu model,AOW04,Saeki Ittetsu,vtuber_individual,ANYCOLOR,tws_iem,wireless_bt,cosmetic_plus_media,18000,JPY,incl,,2026-05-13,,,limited_active,,5.3,,,,IPX4,,,,ONKYO DIRECT;Oto-Ani Akihabara,verified_primary,made-to-order; ANC
P0043,ONKYO,JP,ANIMA AOW04 Koyanagi Rou model,AOW04,Koyanagi Rou,vtuber_individual,ANYCOLOR,tws_iem,wireless_bt,cosmetic_plus_media,18000,JPY,incl,11,2025-03-13,,,limited_sold_out,,5.3,,,,IPX4,,,,ONKYO DIRECT;Oto-Ani Akihabara,verified_primary,11 voice words
P0044,ONKYO,JP,ANIMA AOW04 Hoshidou Shou model,AOW04,Hoshidou Shou,vtuber_individual,ANYCOLOR,tws_iem,wireless_bt,cosmetic_plus_media,18000,JPY,incl,11,2025-03-13,,,limited_sold_out,,5.3,,,,IPX4,,,,ONKYO DIRECT;Oto-Ani Akihabara,verified_primary,11 voice words
P0045,ONKYO,JP,ANIMA AOW04 Kanae model,AOW04,Kanae,vtuber_individual,ANYCOLOR,tws_iem,wireless_bt,cosmetic_plus_media,,JPY,,,,2024-10-16,,limited_sold_out,,5.3,,,,IPX4,,,,ONKYO DIRECT;Oto-Ani Akihabara,verified_primary,fully made-to-order; orders opened 15:00
P0046,ONKYO,JP,ANIMA AOW04 Hiyahachi Mana model,AOW04,Hiyahachi Mana,vtuber_individual,ANYCOLOR,tws_iem,wireless_bt,cosmetic_plus_media,,JPY,,,,,,limited_sold_out,,5.3,,,,IPX4,,,,ONKYO DIRECT;Oto-Ani Akihabara,verified_primary,fully made-to-order
P0047,ONKYO,JP,ANIMA ANW03 Midnight Grand Orchestra Ver.,ANW03,Hoshimachi Suisei x TAKU INOUE,vtuber_individual,COVER Corp,over_ear_closed,wireless_bt,cosmetic_plus_media,,JPY,,42,,,,standing_catalog,large-diameter dynamic,,,,,,,,,ONKYO DIRECT;Oto-Ani Akihabara,verified_secondary,42 clips cited as class-leading for a standalone model; price not found
P0048,ONKYO,JP,ANIMA ANW01 Midnight Grand Orchestra Ver.,ANW01,Midnight Grand Orchestra,music_project,COVER Corp,over_ear_closed,wireless_bt,cosmetic_plus_media,,JPY,,,,,,discontinued,,,,,,,,,,ONKYO DIRECT,verified_secondary,used market only
P0049,ONKYO,JP,ANIMA AOW04 Make Heroine ga Oosugiru model,AOW04,Makeine (Yanami Anna),anime_ip,,tws_iem,wireless_bt,cosmetic_plus_media,,JPY,,,,,,limited_sold_out,,5.3,,,,IPX4,,,,ONKYO DIRECT;Oto-Ani Akihabara,verified_primary,newly recorded Yanami Anna voice guidance
P0050,ONKYO,JP,ANIMA AOW04 MONO,AOW04,TV anime mono,anime_ip,,tws_iem,wireless_bt,cosmetic_plus_media,,JPY,,,,,,limited_sold_out,,5.3,,,,IPX4,,,,ONKYO DIRECT;Oto-Ani Akihabara,verified_primary,limited-period made-to-order
P0051,ONKYO,JP,ANIMA AOW04 Suzutsuki Sui model,AOW04,Suzutsuki Sui,vtuber_individual,,tws_iem,wireless_bt,cosmetic_plus_media,,JPY,,,,,,limited_active,,5.3,,,,IPX4,,,,ONKYO DIRECT,verified_primary,
P0052,ONKYO,JP,ANIMA AOW04 Kanan-sama model,AOW04,Kanan-sama wa Akumade Choroi,anime_ip,,tws_iem,wireless_bt,cosmetic_plus_media,,JPY,,,,,,limited_active,,5.3,,,,IPX4,,,,ONKYO DIRECT,verified_primary,
P0053,ONKYO,JP,CP-TWS01E Kagura Mea model,CP-TWS01E,Kagura Mea,vtuber_individual,independent,tws_iem,wireless_bt,cosmetic_plus_media,,JPY,,,,,,,,,,,,,,,,ONKYO DIRECT,verified_primary,price not published on collab index
P0054,ONKYO,JP,CP-TWS01F Gundam X model,CP-TWS01F,Mobile New Century Gundam X,anime_ip,Bandai Namco,tws_iem,wireless_bt,cosmetic,,JPY,,,,,,,,,,,,,,,,ONKYO DIRECT,verified_primary,
P0055,ONKYO,JP,AOW01 MARKII Shironeko Project 2nd,AOW01 MARKII,Shironeko Project,game_ip,COLOPL,tws_iem,wireless_bt,cosmetic_plus_media,,JPY,,,,,,,,,,,,,,,,ONKYO DIRECT,verified_primary,
P0056,ONKYO,JP,AOW04 Sgt. Frog model,AOW04,Keroro Gunso,anime_ip,,tws_iem,wireless_bt,cosmetic_plus_media,,JPY,,,,,,,,5.3,,,,IPX4,,,,ONKYO DIRECT,verified_primary,
P0057,ONKYO,JP,AOW01 MARKII Haruhi Suzumiya model,AOW01 MARKII,Suzumiya Haruhi no Yuutsu,anime_ip,,tws_iem,wireless_bt,cosmetic_plus_media,,JPY,,,,,,,,,,,,,,,,ONKYO DIRECT,verified_primary,
P0058,ONKYO,JP,AOW01 MARKII Milky Subway model,AOW01 MARKII,Ginga Tokkyu Milky Subway,anime_ip,,tws_iem,wireless_bt,cosmetic_plus_media,,JPY,,,,,,,,,,,,,,,,ONKYO DIRECT,verified_primary,
P0059,ONKYO,JP,CP-TWS01E Cho Kaguya-hime 2nd order,CP-TWS01E,Cho Kaguya-hime,anime_ip,,tws_iem,wireless_bt,cosmetic_plus_media,,JPY,,,,,,,,,,,,,,,,ONKYO DIRECT,verified_primary,second order round
P0060,ONKYO,JP,CP-TWS01E Sumeragi Miona model,CP-TWS01E,Sumeragi Miona,vtuber_individual,,tws_iem,wireless_bt,cosmetic_plus_media,,JPY,,,,,,,,,,,,,,,,ONKYO DIRECT,verified_primary,
P0061,ONKYO,JP,ANW-C010 Digimon Adventure Edition,ANW-C010,Digimon Adventure,anime_ip,Toei,over_ear_closed,wireless_bt,cosmetic,,JPY,,,,,,,,,,,,,,,,ONKYO DIRECT,verified_secondary,Taichi/Agumon/Yamato/Gabumon artwork
P0062,ONKYO,JP,CP-TWS01A Nijisanji models,CP-TWS01A,Nijisanji (Saegusa Akina; Kuzuha; Fushimi Gaku; Rize Helesta),vtuber_individual,ANYCOLOR,tws_iem,wireless_bt,cosmetic_plus_media,,JPY,,,,,,,,,aptX Adaptive,,,,,,,ONKYO DIRECT,lead_only,aggregator source; four separate talent models
P0063,ONKYO,JP,CP-TWS01E Nijisanji models,CP-TWS01E,Nijisanji (Furen E Lustario; Anju Katrina),vtuber_individual,ANYCOLOR,tws_iem,wireless_bt,cosmetic_plus_media,,JPY,,13,,,,,,,aptX Adaptive,,,,,,,ONKYO DIRECT,lead_only,13 custom voice words reported
P0064,ONKYO,JP,ANIMA AOW01 Nanashi Inc models,AOW01,Nanashi Inc (Suzumi Nemo; Ryugasaki Rin; Yuge Ago),vtuber_individual,Nanashi Inc,tws_iem,wireless_bt,cosmetic_plus_media,,JPY,,,,,,,,,,,,,,,,ONKYO DIRECT,lead_only,includes a 5-year anniversary edition
P0065,final,JP,COTSUBU for ASMR -Patra Edition-,,Suou Patra,vtuber_individual,774 inc.,tws_iem,wireless_bt,co_tuned,8200,JPY,incl,,,2022-12,2022-12,discontinued,,,,,,,,1400,disclosed_partial,final official store,partial,400 meet-and-greet slots + 1000-unit final restock at 8200 JPY from 2023-07-21; a separate report claims 10000+ units in one month - CONFLICT UNRESOLVED
P0066,final,JP,COTSUBU for ASMR Patra Edition -BLACK Ver.-,,Suou Patra,vtuber_individual,774 inc.,tws_iem,wireless_bt,co_tuned,8200,JPY,incl,14,2023-08-20,2023-08-20,2023-12,limited_sold_out,dynamic (Qualcomm QCC3040),5.2,SBC;AAC;aptX,5,20,IPX4,3.5,25000,company_disclosed,final official store,verified_primary,10000+ units in first 12 hours; 25000-unit within-year allocation sold out; overflow shipped Apr 2024+; made-to-order no purchase limit; +780 JPY shipping; Secret Voice Mode with 3 random messages
P0067,final,JP,ZE500 for ASMR Patra version,ZE500,Suou Patra,vtuber_individual,774 inc.,tws_iem,wireless_bt,co_tuned,,JPY,,,,,,limited_sold_out,,,,,,,,,,final official store,verified_secondary,3rd installment; re-released alongside 4th installment launch
P0068,final,JP,VR1000 for ASMR Patra White,VR1000,Suou Patra,vtuber_individual,774 inc.,iem,wired,co_tuned,5980,JPY,incl,,,,2026-02-20,standing_catalog,dynamic,,,,,,15,,,final official store;general retail,verified_primary,first wired model in the series; ABS housing; OFC cable; 1.2m; 3.5mm plug
P0069,final,JP,VR1000 for ASMR Patra Black,VR1000,Suou Patra,vtuber_individual,774 inc.,iem,wired,co_tuned,5980,JPY,incl,,,,2026-02-20,standing_catalog,dynamic,,,,,,15,,,final official store;general retail,verified_primary,first wired model in the series; ABS housing; OFC cable; 1.2m; 3.5mm plug
P0070,final,JP,ZE500 for ASMR CyberPatra,ZE500,Suou Patra,vtuber_individual,774 inc.,tws_iem,wireless_bt,co_tuned,10800,JPY,incl,8,2026-08-10,2026-08-10,,limited_active,,,,4.5,18,,3,,,final official store,verified_primary,5th installment; two-colour set 20000 JPY; ASMRPort eardrum pressure vent; two ASMR voicings (melting-immersion / tingling-intimate); Touch de Patra time-of-day voices; order window to 2026-09-10
P0071,final,JP,COTSUBU for ASMR Blue Archive Edition -YUUKA Ver.-,,Blue Archive (Yuuka),game_ip,Yostar,tws_iem,wireless_bt,co_tuned,,JPY,,,2024-07,,,limited_sold_out,,,,,,,,,,,verified_secondary,planned with Yostar and Aisys/EXNOA; includes a Yuuka secret voice
P0072,final,JP,COTSUBU for ASMR 3D Blue Archive Edition -HINA Ver.-,,Blue Archive (Sorasaki Hina),game_ip,Yostar,tws_iem,wireless_bt,co_tuned,,JPY,,,2025-07,,,limited_sold_out,,,,,,,,,,,verified_secondary,CV Hirose Ryo; 2nd in the Blue Archive sub-series
P0073,final,JP,Nami ja nai Kiwami Earphone,TWSN73,Namikawa Daisuke,seiyuu_individual,,tws_iem,wireless_bt,co_designed,,JPY,,32,,,,discontinued,small-diameter dynamic,,SBC;AAC;aptX,9,180,IPX7,,,,Nippon TV shopping,verified_primary,deepest talent engineering found: 100+ prototype variants tested jointly; talent also supervised industrial design; 16 Wild Voice + 16 Sweet Voice; 4 seiyuu switchable in 2 patterns (Namikawa solo / Yoshino+Fukuyama+Eguchi trio); bundled wired FI-N73; 180h case figure anomalous - verify
P0074,final,JP,ZE300 BUZZ RHYTHM version,ZE300,Buzz Rhythm (Nippon TV),tv_programme,Nippon TV,tws_iem,wireless_bt,cosmetic,,JPY,,,,,,,,,,,,,,,,,lead_only,
P0075,Zeeny,JP,Zeeny Lights 3 x Sakuya Azusa,Zeeny Lights 3,Sakuya Azusa,vtuber_individual,,tws_iem,wireless_bt,cosmetic_plus_media,14800,JPY,,,2023-04-17,2023-04-17,2024-05,limited_sold_out,,,,,,,,,,zeeny.com,verified_secondary,~12-month order-to-ship lead time
P0076,Zeeny,JP,Zeeny Lights x Usagi Mari,Zeeny Lights,Usagi Mari,vtuber_individual,,tws_iem,wireless_bt,cosmetic_plus_media,9800,JPY,excl,,2020-10-13,,,limited_sold_out,,,,,,,,,,zeeny.com,verified_secondary,order window closed 2020-11-11
P0077,Zeeny,JP,Zeeny Lights 3 x Akagami,Zeeny Lights 3,Akagami,vtuber_individual,,tws_iem,wireless_bt,cosmetic_plus_media,,JPY,,,2023,,2024-07,limited_sold_out,,,,,,,,,,zeeny.com,verified_primary,order window closed 2023-07-30
P0078,Zeeny,JP,Zeeny Lights x Suzuhara Ruru,Zeeny Lights,Suzuhara Ruru,vtuber_individual,ANYCOLOR,tws_iem,wireless_bt,cosmetic_plus_media,,JPY,,,,,,limited_sold_out,,,,,,,,,,zeeny.com,verified_secondary,
P0079,Zeeny,JP,Zeeny Artist VTuber Special Edition,Zeeny Artist,various VTuber,vtuber_individual,,tws_iem,wireless_bt,cosmetic_plus_media,,JPY,,,,,,standing_catalog,,,,,,,,,,zeeny.com,verified_primary,hi-res positioning
P0080,Zeeny,JP,Zeeny Lights Sanrio outlet models,Zeeny Lights,Sanrio characters,character_ip,Sanrio,tws_iem,wireless_bt,cosmetic,5400,JPY,,,,,,discontinued,,,,,,,,,,zeeny.com,verified_secondary,clearance tier; lowest confirmed JP collab price
P0081,Universal Music (TOoKA BASE),JP,TRUE WIRELESS STEREO EARPHONES D60A,D60A,Ishihara Kaori / Kayano Ai / Seki Toshihiko / Hatanaka Tasuku,seiyuu_individual,,tws_iem,wireless_bt,cosmetic_plus_media,17050,JPY,incl,7,,,2022-12-21,limited_sold_out,6mm dynamic,5.0,AAC;SBC,5.5,15,IPX7,5,,,Universal Music store;HMV;Tower Records,verified_primary,7 voice-guidance commands scripted per actor; bundled ~15-min original voice drama per actor via BUDDY app and BUDDY PASS QR card; 15500 JPY excl tax
P0082,Universal Music (TOoKA BASE),JP,TRUE WIRELESS STEREO EARPHONES diamond-cut,,Eguchi Takuya / Hatano Wataru,seiyuu_individual,,tws_iem,wireless_bt,cosmetic_plus_media,17050,JPY,incl,7,,,2022-12-21,limited_sold_out,,5.0,,3.5,12,,4,,,Universal Music store;HMV;Tower Records,verified_primary,100dB +/-3dB; second hardware platform in the same line at the same price - ODM sourced not platform-based
P0083,Victor (JVCKenwood),JP,HA-A20T Donald Duck model,HA-A20T,Donald Duck,character_ip,Disney,tws_iem,wireless_bt,cosmetic_plus_media,7150,JPY,,,2023-05,,2023,standing_catalog,,,,7,24,,,,,Disney Store;disneystore.jp,verified_primary,character voice on power on/off and connect/disconnect; Disney Store exclusive
P0084,Victor (JVCKenwood),JP,HA-A20T Stitch model,HA-A20T,Stitch,character_ip,Disney,tws_iem,wireless_bt,cosmetic_plus_media,7150,JPY,,,2023-05,,2023,standing_catalog,,,,7,24,,,,,Disney Store;disneystore.jp,verified_primary,character voice prompts
P0085,Victor (JVCKenwood),JP,HA-A20T Winnie the Pooh model,HA-A20T,Winnie the Pooh,character_ip,Disney,tws_iem,wireless_bt,cosmetic_plus_media,7150,JPY,,,2023-05,,2023,standing_catalog,,,,7,24,,,,,Disney Store;disneystore.jp,verified_primary,character voice prompts
P0086,Victor (JVCKenwood),JP,HA-A20T Alien model,HA-A20T,Alien (Toy Story),character_ip,Disney,tws_iem,wireless_bt,cosmetic_plus_media,7150,JPY,,,2023-05,,2023,standing_catalog,,,,7,24,,,,,Disney Store;disneystore.jp,verified_primary,character voice prompts
P0087,Owltech,JP,KPro01,KPro01,Koiwai Kotori,seiyuu_individual,,tws_iem,both,original_signature,,JPY,,,2020-02-19,2020-02-19,2020-10,discontinued,dynamic,,,,,waterproof,,,crowdfunding_backers,Makuake,verified_primary,talent was development team LEAD not licensor; raised 166070000 JPY from 10003 backers vs 3000000 target; 10M JPY in first hour; Makuake Of The Year 2020 GOLD; proprietary 4-pin connector carrying data and charge; USB-C; 70M JPY stretch goal unlocked companion app; delivery slipped Jul to Oct-Nov 2020 on COVID parts shortage; alternate total reported as 160000000
P0088,Sony,JP,Bocchi the Rock! collaboration model 3rd wave,,Bocchi the Rock!,anime_ip,,tws_iem,wireless_bt,cosmetic,,JPY,,,,,,,,,,,,,,,,Sony store,verified_primary,third installment so a sustained relationship; base platform appears to be WF-C710N class; collab price NOT FOUND - official page returns mojibake
P0089,Taito/Cafereo,JP,Groove Coaster x hololive wireless earphone vol.1,,hololive (Tokino Sora; Gawr Gura),vtuber_individual,COVER Corp,tws_iem,wireless_bt,cosmetic_plus_media,,JPY,,,,,,limited_sold_out,,,,,,,,,,Cafereo;HMV,verified_primary,original design on buds case and package; voice guidance recorded by the talents; restocked on demand
P0090,Taito/Cafereo,JP,Groove Coaster x hololive wireless earphone vol.3,,hololive (Shirogane Noel; Sakamata Chloe),vtuber_individual,COVER Corp,tws_iem,wireless_bt,cosmetic_plus_media,,JPY,,,,,,limited_sold_out,,,,,,,,,,Cafereo;HMV,verified_primary,
P0091,Hi-Unit,JP,HSE-A2000PN Kiki & Lala model,HSE-A2000PN,Kiki & Lala,character_ip,Sanrio,iem,wired,cosmetic,,JPY,,,,,,,,,,,,,,,,,verified_secondary,carries a Pierre Nakano tuning credit
P0092,Hi-Unit,JP,HSE-A2000PNK-KU Kuromi model,HSE-A2000PNK-KU,Kuromi,character_ip,Sanrio,iem,wired,cosmetic,,JPY,,,,,,,,,,,,,,,,,verified_secondary,carries a Pierre Nakano tuning credit
P0093,intime,JP,iGa-Phone New Color,iGa-Phone,unidentified,unknown,,iem,wired,cosmetic,,JPY,,,,,,,,,,,,,,,,,lead_only,listed in e-earphone VTuber/artist collab section; partner not identified
P0094,MOONDROP,CN,Robin (Honkai Star Rail),,Honkai: Star Rail (Robin),game_ip,miHoYo,tws_iem,wireless_bt,cosmetic_plus_media,529,CNY,incl,,,,,standing_catalog,,,,,,,,,,moondroplab.com,verified_primary,character voice guidance; highest-priced TWS collab in the CN line
P0095,MOONDROP,CN,U.C.T.S. (Wuthering Waves),U.C.T.S.,Wuthering Waves,game_ip,Kuro Games,tws_iem,wireless_bt,cosmetic_plus_media,299,CNY,incl,,2026-01-23,,2026-01-23,standing_catalog,hybrid dual-driver open-ear,,,,,,,,,moondroplab.com,verified_primary,on-sale Jan 23; full limited peripheral set; teardown available
P0096,MOONDROP,CN,KLUKAI (Girls Frontline 2),,Girls' Frontline 2: Exilium,game_ip,Sunborn,tws_iem,wireless_bt,cosmetic_plus_media,269,CNY,incl,,,,,standing_catalog,,,,,,,,,,moondroplab.com,verified_primary,Japanese voice guidance; premium packaging
P0097,MOONDROP,CN,Menghui x Yasuno Kiyono,,Yasuno Kiyono,seiyuu_individual,,tws_iem,wireless_bt,cosmetic_plus_media,599,CNY,incl,,,,,standing_catalog,,,,,,,,,,moondroplab.com,verified_primary,ONLY human-talent collab in the CN dataset and the talent is Japanese; highest-priced TWS in the Moondrop collab line
P0098,MOONDROP,CN,Luo Tianyi Endless Summer gift box,Pudding-based,Luo Tianyi,virtual_singer,Vsinger,tws_iem,wireless_bt,cosmetic_plus_media,239,CNY,incl,,,,,standing_catalog,10mm dynamic,,LHDC,,,,,,,moondroplab.com,verified_secondary,based on Pudding chassis; Luo Tianyi exclusive voice prompts; 22nm low-power SoC; ANC; presale from Jul 12 10:00
P0099,MOONDROP,CN,Hatsune Miku gift box (MIRAGE-based),MIRAGE-based,Hatsune Miku,virtual_singer,Crypton,tws_iem,wireless_bt,cosmetic_plus_media,239,CNY,incl,,2026-05-20,,,standing_catalog,10mm dynamic,,LHDC,,,,,,,moondroplab.com,verified_secondary,replicates classic Miku V3 illustration; adaptive ANC; leek-shaped case
P0100,MOONDROP,CN,Elven Maiden (Miku x MOEYU),,Hatsune Miku x MOEYU,virtual_singer,Crypton,iem,wired,cosmetic,499,CNY,incl,,,,,standing_catalog,,,,,,,,,,moondroplab.com,verified_primary,logged as in-house in first sweep - CORRECTED to a Miku x MOEYU collab
P0101,MOONDROP,CN,Aria Hatsune Miku edition,Aria,Hatsune Miku x MOEYU,virtual_singer,Crypton,iem,wired,cosmetic,439,CNY,,,,,,standing_catalog,,,,,,,,,,JD,verified_secondary,0.78mm 2-pin; hi-fi positioning
P0102,MOONDROP,CN,Maobing Three-Body,,Three-Body,literary_ip,,tws_iem,wireless_bt,cosmetic,249,CNY,incl,,,,,standing_catalog,,,,,,,,,,moondroplab.com,verified_primary,Maobing platform reused across 3 IPs
P0103,MOONDROP,CN,Maobing Girls Frontline,,Girls' Frontline,game_ip,Sunborn,tws_iem,wireless_bt,cosmetic,299,CNY,incl,,,,,standing_catalog,,,,,,,,,,moondroplab.com,verified_primary,
P0104,MOONDROP,CN,Maobing Ash Arms,,Ash Arms,game_ip,,tws_iem,wireless_bt,cosmetic,249,CNY,incl,,,,,standing_catalog,,,,,,,,,,moondroplab.com,verified_primary,
P0105,MOONDROP,CN,Shuidi Three-Body,,Three-Body,literary_ip,,iem,wired,cosmetic,299,CNY,incl,,,,,standing_catalog,,,,,,,,,,moondroplab.com,verified_primary,
P0106,MOONDROP,CN,Space Travel Susanoo,,Susanoo,other_ip,,tws_iem,wireless_bt,cosmetic,219,CNY,incl,,,,,standing_catalog,,,,,,,,,,moondroplab.com,verified_primary,lowest-priced collab in the CN line
P0107,MOONDROP,CN,DUSK,DUSK,Crinacle,reviewer_influencer,,iem,wired,co_tuned,2499,CNY,incl,,,,,standing_catalog,,,,,,,,,,moondroplab.com,verified_primary,NOT a talent collab - influencer co-tuning; highest-priced Moondrop collab; excluded from talent analysis
P0108,MOONDROP,CN,PANDAER PILL music capsule,PILL,Meizu PANDAER,brand_partner,Meizu,ear_clip,wireless_bt,cosmetic,,CNY,,,,,,standing_catalog,,,,,,,,,,,verified_secondary,brand x brand not talent; logged for completeness
P0109,SONGX,CN,SONGX x Luo Tianyi collaboration earphone,,Luo Tianyi,virtual_singer,Vsinger,tws_iem,wireless_bt,cosmetic,229,CNY,,,2025,,2025,standing_catalog,,,,,,,,,,JD;Pinduoduo,verified_secondary,ANC; HiFi positioning; offline MP3 playback from onboard memory; channel price spread 184.45 to 359 unexplained - probably two variants but NOT EVIDENCED; Luo Tianyi voice content not confirmed
P0110,MissEvan,CN,MissEvan LCD touchscreen ear-clip wireless earphone,,MissEvan platform (CV roster),platform_brand,bilibili,ear_clip,wireless_bt,unknown,,CNY,,,,2026-07-10,2026-07-10,limited_active,,,,,,,,,,MissEvan mall;JD flagship;Maoer Shengke 2026 event,partial,platform became its own hardware brand; purchase + app pairing unlocks an earphone-exclusive app entry; sold in a collector box with a light stick; PRICE SPEC AND ODM ALL NOT FOUND - priority gap; launch year inferred from context
P0111,qdc,CN,FRONTIER Next Black Idolmaster Cinderella Girls model,FRONTIER Next Black,THE IDOLM@STER Cinderella Girls (Shibuya Rin),game_ip,Bandai Namco,iem,wired,cosmetic,,,,,,,,,,,,,,,,,,,lead_only,CN brand with JP IP - cross-market case; second custom-IEM house in the dataset; price and date not retrieved
P0112,Xinghaibei,CN,M500 DAP + YUME IEM Hatsune Miku bundle,M500;YUME,Hatsune Miku,virtual_singer,Crypton,iem,wired,cosmetic,239,CNY,,,,,,standing_catalog,,,,,,,,,,,lead_only,tier-6 source only; relationship to HiBy Digital YUME NOT ESTABLISHED
P0113,LUKLUK,CN,Aoharu01,Aoharu01,Ousaka Narumi (DLsite voice work),seiyuu_individual,DLsite/EISYS,iem,wired,co_tuned,,,,,,,2026-01,standing_catalog,,,,,,,,,,,verified_secondary,ASMR-specialised; tied to a DLsite doujin voice work; developed with Moondrop involvement; CN-JP cross-border doujin tier
P0114,AVIOT,JP,Fuwa Minato collab model,TE-Q3-MNT,Fuwa Minato,vtuber_individual,ANYCOLOR,tws_iem,wireless_bt,cosmetic_plus_media,22880,JPY,incl,,,2024-07-12,2024-11,limited_sold_out,10mm dynamic,5.3,,11.5,42,IPX4,,,,AVIOT ONLINE MALL,verified_primary,order window to 2024-08-11; dual-device multipoint; USB-C fast charge 10min=1.5h; eartips XS/S/M/L; RESOLVES a previously lead_only Nijisanji row
P0115,ONKYO,JP,Kagura Mea collab model,CP-TWS01E,Kagura Mea,vtuber_individual,independent,tws_iem,wireless_bt,cosmetic_plus_media,,JPY,,13,,2026-09-04,,limited_active,,,SBC;AAC;aptX Adaptive,,,IPX4,,,,ONKYO DIRECT,verified_primary,ORDER WINDOW CURRENTLY OPEN to 2026-10-09 15:00; fully made-to-order; Qualcomm QCC3072; TrueWireless Mirroring; ANC + ambient + low-latency game mode; bundle includes pouch sticker and acrylic stand; price not stated
P0116,MOONDROP,CN,Singer,Singer,Singer (Hunan Satellite TV programme),tv_programme_ip,Hunan Satellite TV,over_ear_closed,wireless_bt,cosmetic,399,CNY,incl,,2024-08-14,,,standing_catalog,40mm dynamic titanium-coated dome,5.4,LDAC,48,,,,,,Xiaoman app,verified_secondary,NEW PARTNER CLASS tv programme IP; hybrid ANC 3 modes; dual-mic beamforming ENC; 50m range; MOONDROP 2.0 app 5 presets Standard/R10/D8000 Pro/T301/HD580 Pro
P0117,MOONDROP,CN,RAYS AG Esports Club edition,RAYS,AG Esports Club,esports_club,,iem,wired,co_tuned,439,CNY,incl,,,,2025-12-13,standing_catalog,dynamic + planar hybrid dual driver,,,,,,,,,JD,verified_secondary,NEW PARTNER CLASS esports club; AG team players participated in tuning; voiced for Delta Force emphasising footsteps reloads and ability cues; USB-C; hardware AI noise-cancelling mic with embedded NPU; medical-grade 3D-printed cavity; DERIVED collab premium +CNY 40 = +10.0% over base RAYS
P0118,MOONDROP,CN,RAYS base model,RAYS,none,none,,iem,wired,none,399,CNY,incl,,,,2025-04-10,standing_catalog,dynamic + planar hybrid dual driver,,,,,,,,,JD;moondroplab.com,verified_secondary,NOT A COLLAB - logged as the base-SKU price reference enabling the only measured collab premium in the dataset; 32bit/384kHz hardware decoding; tuned with multiple pro players
P0119,final,JP,ZE500 NYUMIN Yo-earphone,ZE500,none,none,,tws_iem,wireless_bt,none,11800,JPY,incl,,,2026-07-07,2026-09,limited_active,,,,,,,3,,,Makuake,verified_primary,NOT A COLLAB - logged as the category reference carrying the 300000-unit ASMR/sleep disclosure; ~35% smaller in volume than COTSUBU for ASMR; six night-focused audio designs; ship Sep-Oct 2026
P0120,AVIOT,JP,HYDE collab headphones,WA-J1-666,HYDE,musician,,over_ear_closed,wireless_bt,cosmetic_plus_media,46260,JPY,incl_member,,,,,limited_sold_out,,,,,,,,,,AVIOT ONLINE MALL,verified_primary,HIGHEST-PRICED COLLAB AUDIO PRODUCT IN THE DATASET. Base WA-J1 member 35640 / regular 39600 -> DERIVED premium +29.8% vs base member. SOLD OUT
P0121,AVIOT,JP,HYDE collab earbuds,TE-J2-666,HYDE,musician,,tws_iem,wireless_bt,cosmetic_plus_media,39660,JPY,incl_member,,,,,limited_sold_out,,,,,,,,,,AVIOT ONLINE MALL,verified_primary,Highest-priced collab EARPHONE in the dataset. Base TE-J2 member 29700 / regular 33000 -> DERIVED premium +33.5%. SOLD OUT
P0122,AVIOT,JP,Super Sentai Series collab model,TE-D01v-SSS,Super Sentai Series,tokusatsu_ip,Toei,tws_iem,wireless_bt,cosmetic_plus_media,27500,JPY,incl_member,,,,,standing_catalog,,,,,,,,,,AVIOT ONLINE MALL,verified_primary,
P0123,AVIOT,JP,Aina The End collab model,TE-J1-AiNA,Aina The End,musician,,tws_iem,wireless_bt,cosmetic_plus_media,25960,JPY,incl_member,,,,,standing_catalog,,,,,,,,,,AVIOT ONLINE MALL,verified_primary,singer formerly of BiSH
P0124,AVIOT,JP,Code Geass collab model,TE-D01v-CGL,Code Geass Lelouch of the Rebellion,anime_ip,,tws_iem,wireless_bt,cosmetic_plus_media,22880,JPY,incl_member,,,,,standing_catalog,,,,,,,,,,AVIOT ONLINE MALL,verified_primary,
P0125,AVIOT,JP,Gridman Universe collab model (D01v),TE-D01v-GMU,Gridman Universe,tokusatsu_ip,,tws_iem,wireless_bt,cosmetic_plus_media,22880,JPY,incl_member,,,,,standing_catalog,,,,,,,,,,AVIOT ONLINE MALL,verified_primary,one of TWO Gridman SKUs on different platforms
P0126,AVIOT,JP,Gridman Universe collab model (V1R),TE-V1R-GMT,Gridman Universe,tokusatsu_ip,,tws_iem,wireless_bt,cosmetic_plus_media,22880,JPY,incl_member,,,,,standing_catalog,,,,,,,,,,AVIOT ONLINE MALL,verified_primary,second Gridman SKU; same franchise across two platforms
P0127,AVIOT,JP,KonoSuba collab model,TE-D01v-KSB,Kono Subarashii Sekai ni Shukufuku wo,anime_ip,,tws_iem,wireless_bt,cosmetic_plus_media,22880,JPY,incl_member,,,,,standing_catalog,,,,,,,,,,AVIOT ONLINE MALL,verified_primary,
P0128,AVIOT,JP,Monogatari Series collab model,TE-D01v-MGK,Monogatari Series,anime_ip,,tws_iem,wireless_bt,cosmetic_plus_media,22880,JPY,incl_member,,,,,standing_catalog,,,,,,,,,,AVIOT ONLINE MALL,verified_primary,MGK and MGT variants exist
P0129,AVIOT,JP,Sword Art Online collab model,TE-D01v-SOB,Sword Art Online,anime_ip,,tws_iem,wireless_bt,cosmetic_plus_media,22880,JPY,incl_member,,,,,standing_catalog,,,,,,,,,,AVIOT ONLINE MALL,verified_primary,SOB and SOW variants exist
P0130,AVIOT,JP,Frieren collab model,TE-Q3-FRR,Sousou no Frieren,anime_ip,,tws_iem,wireless_bt,cosmetic_plus_media,22880,JPY,incl_member,,,,,standing_catalog,,,,,,,,,,AVIOT ONLINE MALL,verified_primary,
P0131,AVIOT,JP,Ranma 1/2 collab model,TE-Q3-RNM,Ranma 1/2,anime_ip,,tws_iem,wireless_bt,cosmetic_plus_media,22880,JPY,incl_member,,,,,standing_catalog,,,,,,,,,,AVIOT ONLINE MALL,verified_primary,
P0132,AVIOT,JP,BUSTAFELLOWS collab model,TE-Q3-BSF,BUSTAFELLOWS,game_ip,,tws_iem,wireless_bt,cosmetic_plus_media,22880,JPY,incl_member,150,,,,standing_catalog,,,,,,,,,,AVIOT ONLINE MALL,verified_primary,150+ newly recorded voice lines; resolves the earlier model-code gap on P0031
P0133,AVIOT,JP,100 Girlfriends collab model,TE-V1R-100,Kimi no Koto ga Dai Dai Dai Dai Daisuki na 100-nin no Kanojo,anime_ip,,tws_iem,wireless_bt,cosmetic_plus_media,22880,JPY,incl_member,,,,,standing_catalog,,,,,,,,,,AVIOT ONLINE MALL,verified_primary,
P0134,AVIOT,JP,Aikatsu! collab model,TE-V1R-AK,Aikatsu!,anime_ip,,tws_iem,wireless_bt,cosmetic_plus_media,22880,JPY,incl_member,,,,,standing_catalog,,,,,,,,,,AVIOT ONLINE MALL,verified_primary,
P0135,AVIOT,JP,Azur Lane collab model (1st wave),TE-V1R-AZL,Azur Lane,game_ip,,tws_iem,wireless_bt,cosmetic_plus_media,22880,JPY,incl_member,,,,,standing_catalog,,,,,,,,,,AVIOT ONLINE MALL,verified_primary,first wave; AZ2 is the second
P0136,AVIOT,JP,i-Ris collab model,TE-V1R-IRS,i-Ris,seiyuu_group,,tws_iem,wireless_bt,cosmetic_plus_media,22880,JPY,incl_member,,,,,standing_catalog,,,,,,,,,,AVIOT ONLINE MALL,verified_primary,voice-actor idol group
P0137,AVIOT,JP,Overlord collab model,TE-V1R-OVL,Overlord,anime_ip,,tws_iem,wireless_bt,cosmetic_plus_media,22880,JPY,incl_member,,,,,standing_catalog,,,,,,,,,,AVIOT ONLINE MALL,verified_primary,
P0138,AVIOT,JP,New Prince of Tennis collab model (1st),TE-V1R-TP,Shin Tennis no Ouji-sama,anime_ip,,tws_iem,wireless_bt,cosmetic_plus_media,22880,JPY,incl_member,,,,,standing_catalog,,,,,,,,,,AVIOT ONLINE MALL,verified_primary,first wave; TP-S2 is the second
P0139,AVIOT,JP,Ultraman Z collab model,TE-V1R-ULZ,Ultraman Z,tokusatsu_ip,Tsuburaya,tws_iem,wireless_bt,cosmetic_plus_media,22880,JPY,incl_member,,,,,standing_catalog,,,,,,,,,,AVIOT ONLINE MALL,verified_primary,
P0140,AVIOT,JP,Watarai Hibari collab model,TE-Q3-HBR,Watarai Hibari,vtuber_individual,ANYCOLOR,tws_iem,wireless_bt,cosmetic_plus_media,22880,JPY,incl_member,,,,,standing_catalog,,,,,,,,,,AVIOT ONLINE MALL,verified_primary,automated page read garbled this name as Kumo Watakabe - corrected via model-code morphology HBR
P0141,AVIOT,JP,Ibrahim collab model,TE-Q3-IBR,Ibrahim,vtuber_individual,ANYCOLOR,tws_iem,wireless_bt,cosmetic_plus_media,22880,JPY,incl_member,,,,,standing_catalog,,,,,,,,,,AVIOT ONLINE MALL,verified_primary,price now confirmed; was lead_only
P0142,AVIOT,JP,Lauren Iroas collab model,TE-Q3-LRN,Lauren Iroas,vtuber_individual,ANYCOLOR,tws_iem,wireless_bt,cosmetic_plus_media,22880,JPY,incl_member,,,,,standing_catalog,,,,,,,,,,AVIOT ONLINE MALL,verified_primary,
P0143,AVIOT,JP,A and G NEXT STEP HOOOOPE! collab model,TE-V1R-HOP,A and G NEXT STEP HOOOOPE!,radio_programme,Bunka Broadcasting,tws_iem,wireless_bt,cosmetic_plus_media,19800,JPY,incl_member,,,,,standing_catalog,,,,,,,,,,AVIOT ONLINE MALL,verified_primary,NEW PARTNER CLASS radio programme. AVIOT also runs a sponsored segment inside this same show - the relationship layer productised
P0144,AVIOT,JP,Kamen Rider W collab model,TE-V1R-WCJ,Kamen Rider W,tokusatsu_ip,Toei,tws_iem,wireless_bt,cosmetic_plus_media,19800,JPY,incl_member,,,,,standing_catalog,,,,,,,,,,AVIOT ONLINE MALL,verified_primary,
P0145,AVIOT,JP,Kitamura Eri collab model,TE-Q3-ERI,Kitamura Eri,seiyuu_individual,,tws_iem,wireless_bt,cosmetic_plus_media,19800,JPY,incl_member,,,,,standing_catalog,,,,,,,,,,AVIOT ONLINE MALL,verified_primary,individual seiyuu deal
P0146,AVIOT,JP,Shigure Ui collab model,TE-D01v-SGR,Shigure Ui,illustrator_vtuber,independent,tws_iem,wireless_bt,co_designed,18700,JPY,incl_member,,2024-05-30,2024-05-30,,standing_catalog,,,,,,,,,,AVIOT ONLINE MALL,verified_primary,DEEP INVOLVEMENT - talent supervised sound quality AND design per PHILE WEB. Illustrator and VTuber. Base platform TE-D01v cumulative shipments ~120000 units (12万台 - an automated read rendered this as 1.2 million which is WRONG)
P0147,AVIOT,JP,Hello Kitty collab model,TE-Q3-KTY,Hello Kitty,character_ip,Sanrio,tws_iem,wireless_bt,cosmetic,18700,JPY,incl_member,,,,,standing_catalog,,,,,,,,,,AVIOT ONLINE MALL,verified_primary,
P0148,AVIOT,JP,Kizuna AI collab model,TE-V1R-KZN,Kizuna AI,virtual_character,,tws_iem,wireless_bt,cosmetic_plus_media,18700,JPY,incl_member,,,,,standing_catalog,,,,,,,,,,AVIOT ONLINE MALL,verified_primary,
P0149,AVIOT,JP,Nachoneko collab model,TE-V1R-NCN,Nachoneko,virtual_character,,tws_iem,wireless_bt,cosmetic_plus_media,18700,JPY,incl_member,,,,,standing_catalog,,,,,,,,,,AVIOT ONLINE MALL,verified_primary,
P0150,AVIOT,JP,Nakayama Kinni-kun collab bone conduction,WB-P1-NKN,Nakayama Kinni-kun,celebrity_comedian,,bone_conduction,wireless_bt,cosmetic_plus_media,17930,JPY,incl_member,24,,2024-04-09,2024-06,standing_catalog,,,,12,,IP67,,,,AVIOT ONLINE MALL,verified_primary,NEW PARTNER CLASS comedian/bodybuilder. 24 newly recorded voice guidance types plus a random motivational voice function. Base Openpiece Playful WB-P1. 145mAh; 6h talk; ~1.5h charge; dual-mic noise cancelling; multipoint
P0151,AVIOT,JP,Baki Hanma collab bone conduction,WB-P1-BK,Baki Hanma,anime_ip,,bone_conduction,wireless_bt,cosmetic_plus_media,,JPY,,,,,,limited_sold_out,,,,,,IP67,,,,AVIOT ONLINE MALL,verified_primary,confirms the Baki franchise named in the Toyo Keizai interview; price not retrieved
P0152,AVIOT,JP,TE-Q3-NA2 collab model,TE-Q3-NA2,unresolved,unknown,,tws_iem,wireless_bt,cosmetic,5980,JPY,incl_member,,,,,standing_catalog,,,,,,,,,,AVIOT ONLINE MALL,partial,PARTNER NOT RESOLVED - catalogue rendered the partner as N/A. Price of 5980 is anomalously low for an AVIOT collab and may indicate a clearance or a non-collab item
P0153,AVIOT,JP,TE-Q3 base platform,TE-Q3,none,none,,tws_iem,wireless_bt,none,10791,JPY,incl_member,,,,,standing_catalog,,,,,,,,,,AVIOT ONLINE MALL,verified_primary,BASE PLATFORM REFERENCE - regular price 11990. Collab SKUs on this platform sell at 18700-22880 = DERIVED premium +73.3% to +112.0% vs base member price
P0154,AVIOT,JP,TE-Q3R base platform,TE-Q3R,none,none,,tws_iem,wireless_bt,none,10791,JPY,incl_member,,,,,standing_catalog,,,,,,,,,,AVIOT ONLINE MALL,verified_primary,BASE PLATFORM REFERENCE - regular price 11990
P0155,AVIOT,JP,TE-V1R base platform,TE-V1R,none,none,,tws_iem,wireless_bt,none,14355,JPY,incl_member,,,,,standing_catalog,10mm dynamic + BA hybrid,5.3,LDAC;AAC;SBC,19,62,IPX4,,,,AVIOT ONLINE MALL,verified_primary,BASE PLATFORM REFERENCE - regular price 15950. Collab SKUs at 22880 = DERIVED premium +59.4% vs base member price
P0156,AVIOT,JP,TE-J2 base platform,TE-J2,none,none,,tws_iem,wireless_bt,none,29700,JPY,incl_member,,,,,standing_catalog,,,,,,,,,,AVIOT ONLINE MALL,verified_primary,BASE PLATFORM REFERENCE - regular price 33000. HYDE collab at 39660 = DERIVED premium +33.5%
P0157,AVIOT,JP,WA-J1 base platform,WA-J1,none,none,,over_ear_closed,wireless_bt,none,35640,JPY,incl_member,,,,,standing_catalog,,,,,,,,,,AVIOT ONLINE MALL,verified_primary,BASE PLATFORM REFERENCE - regular price 39600. HYDE collab at 46260 = DERIVED premium +29.8%
P0158,AVIOT,JP,WB-P1 Openpiece Playful base platform,WB-P1,none,none,,bone_conduction,wireless_bt,none,14355,JPY,incl_member,,,,,standing_catalog,,,,12,,IP67,,,,AVIOT ONLINE MALL,verified_primary,BASE PLATFORM REFERENCE. Nakayama Kinni-kun collab at 17930 = DERIVED premium +24.9%
P0159,Universal Music (TOoKA BASE),JP,TOoKA BASE 03 base platform,D45A/NT01,none,none,,tws_iem,wireless_bt,none,14300,JPY,incl,,,,,standing_catalog,,,aptX,6.5,,IPX4,,,,TOoKA BASE shop;Akihabara store,verified_primary,BASE PLATFORM REFERENCE. Generations: 01=NT01B 02=NT01L 03=D45A. Most seiyuu and anime collabs sell at exactly this price so the Universal premium is ZERO on the base platform
P0160,Universal Music (TOoKA BASE),JP,Portable CD player TKB-001,TKB-001,none,none,,portable_player,wireless_bt,none,18700,JPY,incl,,,,,standing_catalog,,,,3,,,270,,,TOoKA BASE shop,verified_primary,NOT A HEADPHONE - logged as evidence of brand breadth. 270g; Bluetooth-enabled portable CD player
P0161,Universal Music (TOoKA BASE),JP,Ishikawa Kaito model,,Ishikawa Kaito,seiyuu_individual,,tws_iem,wireless_bt,cosmetic_plus_media,14300,JPY,incl,,2021,,2021,standing_catalog,,,aptX,,,IPX4,,,,TOoKA BASE shop,verified_secondary,one of seven 2021 seiyuu models; original character voice during operation
P0162,Universal Music (TOoKA BASE),JP,Suzumura Kenichi model,,Suzumura Kenichi,seiyuu_individual,Kiramune label,tws_iem,wireless_bt,cosmetic_plus_media,14300,JPY,incl,,2021,,2021,standing_catalog,,,aptX,,,IPX4,,,,TOoKA BASE shop,verified_secondary,TALENT NON-EXCLUSIVITY EVIDENCE - same performer also on JVCKenwood USB-VA1 and AVIOT via Kiramune
P0163,Universal Music (TOoKA BASE),JP,Tsuda Kenjiro model,,Tsuda Kenjiro,seiyuu_individual,,tws_iem,wireless_bt,cosmetic_plus_media,14300,JPY,incl,,2021,,2021,standing_catalog,,,aptX,,,IPX4,,,,TOoKA BASE shop,verified_secondary,
P0164,Universal Music (TOoKA BASE),JP,Terashima Takuma model,,Terashima Takuma,seiyuu_individual,,tws_iem,wireless_bt,cosmetic_plus_media,14300,JPY,incl,,2021,,2021,standing_catalog,,,aptX,,,IPX4,,,,TOoKA BASE shop,verified_secondary,
P0165,Universal Music (TOoKA BASE),JP,Masuda Toshiki model,,Masuda Toshiki,seiyuu_individual,,tws_iem,wireless_bt,cosmetic_plus_media,14300,JPY,incl,,2021,,2021,standing_catalog,,,aptX,,,IPX4,,,,TOoKA BASE shop,verified_secondary,
P0166,Universal Music (TOoKA BASE),JP,Uchida Aya model,,Uchida Aya,seiyuu_individual,,tws_iem,wireless_bt,cosmetic_plus_media,14300,JPY,incl,,2021,,2021,standing_catalog,,,aptX,,,IPX4,,,,TOoKA BASE shop,verified_secondary,
P0167,Universal Music (TOoKA BASE),JP,Kito Akari model,,Kito Akari,seiyuu_individual,,tws_iem,wireless_bt,cosmetic_plus_media,14300,JPY,incl,,2021,,2021,standing_catalog,,,aptX,,,IPX4,,,,TOoKA BASE shop,verified_secondary,
P0168,Universal Music (TOoKA BASE),JP,Ogura Yui model,,Ogura Yui,seiyuu_individual,,tws_iem,wireless_bt,cosmetic_plus_media,,JPY,,,,,,standing_catalog,,,,,,,,,,TOoKA BASE shop,verified_secondary,price not retrieved
P0169,Universal Music (TOoKA BASE),JP,Morikubo Shotaro model,,Morikubo Shotaro,seiyuu_individual,,tws_iem,wireless_bt,cosmetic_plus_media,,JPY,,,,,2022-11-14,standing_catalog,,,,,,,,,,TOoKA BASE shop,verified_primary,released 14 November; PR Times ID 000001541.000000664
P0170,Universal Music (TOoKA BASE),JP,Uesaka Sumire model,,Uesaka Sumire,seiyuu_individual,,tws_iem,wireless_bt,cosmetic_plus_media,,JPY,,,,,,standing_catalog,,,,,,,,,,TOoKA BASE shop,verified_secondary,built on the TOoKA BASE 03 / NT01 platform
P0171,Universal Music (TOoKA BASE),JP,My Hero Academia model,,Boku no Hero Academia,anime_ip,,tws_iem,wireless_bt,cosmetic_plus_media,14300,JPY,incl,,2021,,2021,standing_catalog,,,aptX,,,IPX4,,,,TOoKA BASE shop,verified_secondary,6 characters
P0172,Universal Music (TOoKA BASE),JP,Jujutsu Kaisen model,,Jujutsu Kaisen,anime_ip,,tws_iem,wireless_bt,cosmetic_plus_media,14300,JPY,incl,,2021,,2021,standing_catalog,,,aptX,,,IPX4,,,,TOoKA BASE shop,verified_secondary,4 characters with original voice recordings
P0173,Universal Music (TOoKA BASE),JP,Detective Conan model,,Meitantei Conan,anime_ip,,tws_iem,wireless_bt,cosmetic_plus_media,14300,JPY,incl,,2021,,2021,standing_catalog,,,aptX,,,IPX4,,,,TOoKA BASE shop,verified_secondary,Conan and Amuro
P0174,Universal Music (TOoKA BASE),JP,Quintessential Quintuplets model,,Go-toubun no Hanayome,anime_ip,,tws_iem,wireless_bt,cosmetic_plus_media,12100,JPY,incl,,2021,,2021,standing_catalog,,,aptX,,,IPX4,,,,TOoKA BASE shop,verified_secondary,5 Nakano sisters - Hanazawa Kana; Taketatsu Ayana; Ito Miku; Sakura Ayane; Minase Inori
P0175,Universal Music (TOoKA BASE),JP,World Trigger model,,World Trigger,anime_ip,,tws_iem,wireless_bt,cosmetic_plus_media,17600,JPY,incl,,2021,,2021,standing_catalog,,,aptX,,,IPX4,,,,TOoKA BASE shop,verified_secondary,4 characters
P0176,Universal Music (TOoKA BASE),JP,KonoSuba model,,Kono Subarashii Sekai ni Shukufuku wo,anime_ip,,tws_iem,wireless_bt,cosmetic_plus_media,17600,JPY,incl,,2021,,2021,standing_catalog,,,aptX,,,IPX4,,,,TOoKA BASE shop,verified_secondary,Aqua and Megumin
P0177,Universal Music (TOoKA BASE),JP,Yowamushi Pedal model,,Yowamushi Pedal,anime_ip,,tws_iem,wireless_bt,cosmetic_plus_media,14300,JPY,incl,,2021,,2021,standing_catalog,,,aptX,,,IPX4,,,,TOoKA BASE shop,verified_secondary,3 characters
P0178,Universal Music (TOoKA BASE),JP,Gloomy model,,Itazuragumo no Gloomy,character_ip,,tws_iem,wireless_bt,cosmetic_plus_media,14300,JPY,incl,,2021,,2021,standing_catalog,,,aptX,,,IPX4,,,,TOoKA BASE shop,verified_secondary,2 characters
P0179,Universal Music (TOoKA BASE),JP,Kaibutsu Jihen model,,Kaibutsu Jihen,anime_ip,,tws_iem,wireless_bt,cosmetic_plus_media,14300,JPY,incl,,2021,,2021,standing_catalog,,,aptX,,,IPX4,,,,TOoKA BASE shop,verified_secondary,3 characters
P0180,Universal Music (TOoKA BASE),JP,Ghost in the Shell SAC_2045 model,,Koukaku Kidoutai SAC_2045,anime_ip,,tws_iem,wireless_bt,cosmetic_plus_media,17600,JPY,incl,,2021,,2021,standing_catalog,,,aptX,,,IPX4,,,,TOoKA BASE shop,verified_secondary,also collaborated with Zeeny Artist separately - same IP two audio brands
P0181,Universal Music (TOoKA BASE),JP,A3! model,,A3!,game_ip,,tws_iem,wireless_bt,cosmetic_plus_media,14300,JPY,incl,,2021,,2021,standing_catalog,,,aptX,,,IPX4,,,,TOoKA BASE shop,verified_secondary,4 troupe members
P0182,Universal Music (TOoKA BASE),JP,Kingdom model,,Kingdom,anime_ip,,tws_iem,wireless_bt,cosmetic_plus_media,15950,JPY,incl,,2022-07,,2022,standing_catalog,,,aptX,,,IPX4,,,,TOoKA BASE shop,verified_secondary,3 characters - Morita Masakazu; Fukuyama Jun; Koyama Rikiya
P0183,Universal Music (TOoKA BASE),JP,Disney Mickey and Minnie model,,Mickey Mouse and Minnie Mouse,character_ip,Disney,tws_iem,wireless_bt,cosmetic_plus_media,15400,JPY,incl,,,,,standing_catalog,,,aptX,,,IPX4,,,,TOoKA BASE shop,verified_secondary,plus accompanying merchandise. Disney licensed to TWO Japanese audio brands - also Victor HA-A20T
P0184,Universal Music (TOoKA BASE),JP,Artist models (Arsmagna and HY),,Arsmagna;HY,musician,,tws_iem,wireless_bt,cosmetic_plus_media,12100,JPY,incl,,,,,standing_catalog,,,aptX,,,IPX4,,,,TOoKA BASE shop,verified_secondary,
P0185,Universal Music (TOoKA BASE),JP,TV announcer models,,TV announcers (3),tv_announcer,,tws_iem,wireless_bt,cosmetic_plus_media,12100,JPY,incl,,,,,standing_catalog,,,aptX,,,IPX4,,,,TOoKA BASE shop,verified_secondary,NEW PARTNER CLASS tv announcer - found on no other brand in the dataset
P0186,Sony,JP,Bocchi the Rock! WF-1000XM5 collab model,WF-1000XM5,Bocchi the Rock!,anime_ip,,tws_iem,wireless_bt,cosmetic,43800,JPY,incl,,2024-08-30,2024-08-30,2024-09-20,limited_sold_out,,,,,,,,,,Sony Store,verified_primary,2nd wave. FLAGSHIP PLATFORM - base WF-1000XM5 street ~41800-43000 so premium is NEAR ZERO. Four character designs engraved - Gotoh Hitori; Ijichi Nijika; Yamada Ryo; Kita Ikuyo. Matching character case with band silhouette. Order window to 2024-11-29. Overseas version 2024-09-21 via specialty channels
P0187,Sony,JP,Bocchi the Rock! WF-1000XM5 + NW-A306 bundle,WF-1000XM5+NW-A306,Bocchi the Rock!,anime_ip,,tws_iem,wireless_bt,cosmetic,93300,JPY,incl,,2024-08-30,2024-08-30,2024-09-20,limited_sold_out,,,,,,,,,,Sony Store,verified_primary,earphone plus 3.6-inch hi-res Walkman bundle
P0188,Sony,JP,Bocchi the Rock! WF-1000XM5 + NW-ZX707 bundle,WF-1000XM5+NW-ZX707,Bocchi the Rock!,anime_ip,,tws_iem,wireless_bt,cosmetic,153800,JPY,incl,,2024-08-30,2024-08-30,2024-09-20,limited_sold_out,,,,,,,,,,Sony Store,verified_primary,HIGHEST-PRICED COLLABORATION BUNDLE IN THE DATASET. Flagship Walkman supports DSD to 11.2MHz and PCM to 384kHz/32bit
P0189,Sony,JP,Bocchi the Rock! Walkman collab (1st wave),NW-A306;NW-ZX707,Bocchi the Rock!,anime_ip,,portable_player,,cosmetic,,JPY,,,2024-03,,2024-03,limited_sold_out,,,,,,,,,,Sony Store,verified_secondary,1st wave was Walkman only - not headphones. Logged for series continuity. 360 Reality Audio and hi-res listening events at Sony Store locations
P0190,final,JP,EVA2020 x final Unit-01 model,FI-EVATW(01),Evangelion Unit-01,anime_ip,Khara,tws_iem,wireless_bt,cosmetic_plus_media,19800,JPY,incl,,2020-04,2020-04,2020-06,discontinued,dynamic (QCC3020),,aptX;SBC;AAC,6,63,,,,,Nippon TV shopping;general retail,verified_secondary,Voice guidance by operator Ibuki Maya (CV Nagasawa Miki). CORRECTION - a tier-6 source had claimed Unit-00 colourway with Hayashibara Megumi voice; BOTH DETAILS WRONG. 6h aptX / 9h SBC-AAC; 4h talk; 2h charge; 950mAh case; 20Hz-20kHz; 5 sizes TYPE E
P0191,final,JP,EVA2020 x final Unit-02 model,FI-EVATW(02),Evangelion Unit-02,anime_ip,Khara,tws_iem,wireless_bt,cosmetic_plus_media,19800,JPY,incl,,2020-04,2020-04,2020-06,discontinued,dynamic (QCC3020),,aptX;SBC;AAC,6,63,,,,,Nippon TV shopping;general retail,verified_secondary,same spec as P0190
P0192,final,JP,EVA2020 x final Mark.06 model,FI-EVATW(06),Evangelion Mark.06,anime_ip,Khara,tws_iem,wireless_bt,cosmetic_plus_media,19800,JPY,incl,,2020-04,2020-04,2020-06,discontinued,dynamic (QCC3020),,aptX;SBC;AAC,6,63,,,,,Nippon TV shopping;general retail,verified_secondary,same spec as P0190
P0193,final,JP,EVA2020 x final 3D audio earphone,FI-EVA2020,Evangelion,anime_ip,Khara,iem,wired,cosmetic,2980,JPY,incl,,2020-04,2020-04,2020-06,discontinued,6.4mm dynamic,,,,,,,,,Nippon TV shopping;general retail,verified_secondary,LOWEST-PRICED COLLABORATION PRODUCT IN THE JAPANESE DATASET. Based on final E500; umbilical-cable-inspired design; 16 ohm; 1.2m cord
P0194,ONKYO,JP,GochiUsa AOW01 MARKII collab model,AOW01 MARKII,Gochuumon wa Usagi desu ka,anime_ip,,tws_iem,wireless_bt,cosmetic_plus_media,22000,JPY,incl_with_shipping,11,2025-10-31,2025-10-31,2026-02,limited_sold_out,6mm dynamic CoClear diaphragm,5.4,aptX,6,15,IPX7,,,,ONKYO DIRECT;Oto-Ani Akihabara,verified_primary,BUYER SELECTS ONE OF SEVEN CHARACTER VOICES - Cocoa Chino Rize Chiya Sharo Maya Meg - 11 words each. Order window to 2025-12-26 15:00. ANC + ambient; wireless and USB-C charging. GochiUsa 10th anniversary. Merch: clear file 500; acrylic stand 2500; badge 500; wireless charger 4400
P0195,ONKYO,JP,Angel Next Door ANIMA AOW01 collab model,AOW01,Shiina Mahiru (Otonari no Tenshi-sama),anime_ip,,tws_iem,wireless_bt,cosmetic_plus_media,20000,JPY,incl_with_shipping,15,2025-03-07,2025-03-07,2025-06,limited_sold_out,6mm dynamic CoClear diaphragm,5.1,AAC;aptX,6,15,IPX7,4,,,ONKYO DIRECT;Oto-Ani Akihabara,verified_primary,15 voice words INCLUDING HIDDEN COMMAND VOICES. Order window to 2025-04-25 15:00. MEMS mic; external sound input; wireless charging; 24g case 32g total. Merch: clear file 500; acrylic stand 1200; badge 500; wireless charger 4400
P0196,ONKYO,JP,Expelled from Paradise ANIMA AOW03 collab headphones,AOW03,Rakuen Tsuihou,anime_ip,,over_ear_closed,wireless_bt,cosmetic_plus_media,,JPY,,,,,,,,,,,,,,,,ONKYO DIRECT,partial,product page returned HTTP 404 - detail not retrieved
P0197,SONGX,CN,Ling Long collab earphone,,Ling Long,anime_ip,,tws_iem,wireless_bt,cosmetic_plus_media,374,CNY,,,,,,standing_catalog,,,,,,,,,,JD;Pinduoduo;Tmall,verified_secondary,Officially authorised. Bai Yuekui limited edition modelled on the Yuyan-hao exoskeleton suit. FULL-COLOUR TOUCHSCREEN with character dynamic effects; dual-mode BT + MP3; AUDIO EASTER EGGS using series sound effects; charging case recreates the exoskeleton stabiliser. Promo 354; channel range 369-499. Variants incl touchscreen ear-clip with AI translation and open-ear models
P0198,SONGX,CN,The Wandering Earth collab gift box,,The Wandering Earth,film_ip,,tws_iem,wireless_bt,cosmetic_plus_media,277.51,CNY,,,,,,standing_catalog,6mm dynamic N45 neodymium,5.3,,,,IPX5,6,,,JD,verified_secondary,street price. Gift box format. 400mAh case + 40mAh x2 buds
P0199,Zeeny,JP,Zeeny Lights Sanrio collab,Zeeny Lights,Pompompurin;Cinnamoroll;Little Twin Stars;Pochacco,character_ip,Sanrio,tws_iem,wireless_bt,cosmetic,,JPY,,,,,,limited_sold_out,,,,,,,,,,zeeny.com,verified_primary,limited outlet quantity; price not displayed. FOUR Sanrio properties on one model
P0200,Zeeny,JP,Zeeny Lights 3 x Koinoya Mai,Zeeny Lights 3,Koinoya Mai,vtuber_individual,,tws_iem,wireless_bt,cosmetic_plus_media,,JPY,,,,,,limited_sold_out,,,,,,,,,,zeeny.com,verified_primary,TAIWAN AND HONG KONG EXCLUSIVE - the only region-restricted collab found in the dataset
P0201,Zeeny,JP,Zeeny T-Box x Super Sonico,Zeeny T-Box,Super Sonico,virtual_character,,bt_speaker,wireless_bt,cosmetic,,JPY,,,2023-01-27,,,limited_sold_out,,,,,,,,,,zeeny.com,verified_primary,BLUETOOTH SPEAKER - form factor previously absent from the dataset
P0202,Zeeny,JP,Zeeny x Super Sonico earphone and charger set,Zeeny,Super Sonico,virtual_character,,tws_iem,wireless_bt,cosmetic,,JPY,,,2023-01-27,,,limited_sold_out,,,,,,,,,,zeeny.com,verified_primary,earphone plus wireless charger set
P0203,Zeeny,JP,Zeeny Artist x Super Sonico,Zeeny Artist,Super Sonico,virtual_character,,tws_iem,wireless_bt,cosmetic,,JPY,,,2023-01-27,,,limited_sold_out,,,,,,,,,,zeeny.com,verified_primary,third Super Sonico SKU - same partner across three Zeeny platforms
P0204,Zeeny,JP,Zeeny T-Box x YuNi,Zeeny T-Box,YuNi,virtual_singer,,bt_speaker,wireless_bt,cosmetic,,JPY,,,,,,limited_sold_out,,,,,,,,,,zeeny.com,verified_primary,BLUETOOTH SPEAKER; YuNi is a virtual singer
P0205,Zeeny,JP,Zeeny Artist x Nadia,Zeeny Artist,Fushigi no Umi no Nadia,anime_ip,,tws_iem,wireless_bt,cosmetic,,JPY,,,,,,limited_sold_out,,,,,,,,,,zeeny.com,verified_primary,
P0206,Zeeny,JP,Zeeny T-Box x Love-chan,Zeeny T-Box,Love-chan,vtuber_individual,,bt_speaker,wireless_bt,cosmetic,,JPY,,,,,,limited_sold_out,,,,,,,,,,zeeny.com,verified_primary,BLUETOOTH SPEAKER
P0207,Zeeny,JP,Zeeny Artist x Ghost in the Shell SAC_2045,Zeeny Artist,Koukaku Kidoutai SAC_2045,anime_ip,,tws_iem,wireless_bt,cosmetic,,JPY,,,,,,limited_sold_out,,,,,,,,,,zeeny.com,verified_primary,SAME IP AS Universal Music P0180 - one property licensed to two competing audio brands
P0208,Zeeny,JP,Zeeny T-Box x Cardcaptor Sakura,Zeeny T-Box,Cardcaptor Sakura,anime_ip,,bt_speaker,wireless_bt,cosmetic,,JPY,,,,,,limited_sold_out,,,,,,,,,,zeeny.com,verified_primary,BLUETOOTH SPEAKER
P0209,Zeeny,JP,Zeeny T-Box x City Hunter,Zeeny T-Box,City Hunter,anime_ip,,bt_speaker,wireless_bt,cosmetic,,JPY,,,,,,limited_sold_out,,,,,,,,,,zeeny.com,verified_primary,BLUETOOTH SPEAKER
P0210,AVIOT,JP,Ascendance of a Bookworm collab model,TE-Q3R-HZK,Honzuki no Gekokujou (Rosemine and Ferdinand),anime_ip,TO Books,tws_iem,wireless_bt,cosmetic_plus_media,22880,JPY,incl_member,,2026-09-01,2026-08-20,2027-02,limited_active,10mm dynamic,,LDAC,11.5,42,,,,,AVIOT ONLINE MALL;TO Books store,verified_primary,CURRENT - preorder opened 2026-08-20 12:00; ships mid-Feb 2027. New voices by Iguchi Yuka (Rosemine) and Hayami Sho (Ferdinand). Deep navy inspired by Rosemine hair colour with gold Rosemine Workshop crest. Adaptive ANC; wireless charging; medical-grade silicone eartips
P0211,ONKYO,JP,Saionji Mary collab model,CP-TWS01E,Saionji Mary,vtuber_individual,774 inc.,tws_iem,wireless_bt,co_designed,20000,JPY,incl,13,2026-06-05,2026-06-05,2026-09,limited_sold_out,,,,,,,,,,ONKYO DIRECT;Oto-Ani Akihabara,verified_primary,CURRENT - order window 2026-06-05 15:00 to 2026-07-17 15:00; ship late Sep to early Oct 2026. DESIGN BASED ON THE TALENT OWN DESIGN PROPOSAL - dot-art style on themes of healing and relaxation. 13 voice words. Companion wireless charger 4500 JPY. She is a Honey Strap member - the same 774 inc. unit Suou Patra led
P0212,ONKYO,JP,Rent-a-Girlfriend Mizuhara Chizuru model,CP-TWS01E,Kanojo Okarishimasu (Mizuhara Chizuru),anime_ip,,tws_iem,wireless_bt,cosmetic_plus_media,,JPY,,,,,,limited_active,,,,,,,,,,ONKYO DIRECT,verified_primary,price not retrieved from the product page
P0213,AVIOT,JP,Piyahon 9 (Pierre Nakano supervised),TE-U1-PNK,Pierre Nakano,musician,,tws_iem,wireless_bt,co_tuned,9980,JPY,incl,,2025-12-11,,2026-01,standing_catalog,,,,,,,,,,AVIOT ONLINE MALL,verified_primary,PIYAHON SERIES INSTALLMENT 9 - THE LONGEST-RUNNING COLLAB SERIES IN THE DATASET. Pierre Nakano is the drummer of Ling Tosite Sigure. Entry class on TE-U1; hi-res; THREE ORIGINAL SOUND MODES SUPERVISED BY THE TALENT. Base TE-U1 member 6282 / regular 6980 -> DERIVED premium +58.9% vs base member
P0214,AVIOT,JP,Piyahon 7 flagship (Pierre Nakano supervised),TE-ZX1-PNK,Pierre Nakano,musician,,tws_iem,wireless_bt,co_designed,49500,JPY,incl,,,,,standing_catalog,5 drivers - 1 planar magnetic + 1 dynamic + 3 BA,,,,,,,,,AVIOT ONLINE MALL,verified_primary,PIYAHON SERIES INSTALLMENT 7. TALENT SUPERVISED BOTH DESIGN AND SOUND TUNING. Most technically serious talent collaboration in the JP market after ONKYO FitEar. Base TE-ZX1 member 44550 / regular 49500 - collab sells at the base REGULAR price so DERIVED premium is +11.1% vs base member and ZERO vs base regular
P0215,AVIOT,JP,Piyahon TE-W1 variant,TE-W1-PNK,Pierre Nakano,musician,,tws_iem,wireless_bt,co_tuned,19800,JPY,incl_member,,,,,standing_catalog,,,,,,,,,,AVIOT ONLINE MALL,verified_primary,Base TE-W1 member 14355 / regular 15950 -> DERIVED premium +37.9% vs base member
P0216,AVIOT,JP,Piyahon TE-W2 variant,TE-W2-PNK,Pierre Nakano,musician,,tws_iem,wireless_bt,co_tuned,19800,JPY,incl_member,,2026-07-09,,,standing_catalog,,,,,,,,,,AVIOT ONLINE MALL,verified_primary,Base TE-W2 member 14355 / regular 15950 -> DERIVED premium +37.9%
P0217,AVIOT,JP,Piyahon WA-V1 variant,WA-V1-PNK,Pierre Nakano,musician,,over_ear_closed,wireless_bt,co_tuned,19800,JPY,incl_member,,,,,standing_catalog,,,,,,,,,,AVIOT ONLINE MALL,verified_primary,HEADPHONE. Base WA-V1 member 13365 / regular 14850 -> DERIVED premium +48.1%
P0218,AVIOT,JP,Piyahon speaker,WS-Q1PNK,Pierre Nakano,musician,,bt_speaker,wireless_bt,co_tuned,7920,JPY,incl_member,,2026-07-22,,,standing_catalog,,,,,,,,,,AVIOT ONLINE MALL,verified_primary,BLUETOOTH SPEAKER in the Piyahon line
P0219,AVIOT,JP,Uta no Prince-sama model UST,TE-V1R-UST,Uta no Prince-sama,game_ip,Broccoli,tws_iem,wireless_bt,cosmetic_plus_media,,JPY,,,2025-12-25,2025-12-25,,limited_active,10mm dynamic + BA hybrid,5.3,LDAC;AAC;SBC,19,62,IPX4,,,,Broccoli Online,verified_primary,SOLD VIA THE IP OWNER STORE (Broccoli Online) NOT AVIOT ONLINE MALL - a channel exception. One of three simultaneous models
P0220,AVIOT,JP,Uta no Prince-sama model UQN,TE-V1R-UQN,Uta no Prince-sama,game_ip,Broccoli,tws_iem,wireless_bt,cosmetic_plus_media,,JPY,,,2025-12-25,2025-12-25,,limited_active,10mm dynamic + BA hybrid,5.3,LDAC;AAC;SBC,19,62,IPX4,,,,Broccoli Online,verified_primary,second of three
P0221,AVIOT,JP,Uta no Prince-sama model UHV,TE-V1R-UHV,Uta no Prince-sama,game_ip,Broccoli,tws_iem,wireless_bt,cosmetic_plus_media,,JPY,,,2025-12-25,2025-12-25,,limited_active,10mm dynamic + BA hybrid,5.3,LDAC;AAC;SBC,19,62,IPX4,,,,Broccoli Online,verified_primary,third of three
P0222,AVIOT,JP,Jujutsu Kaisen Jujutsu High model,TE-V1R-JK1,Jujutsu Kaisen (Jujutsu High),anime_ip,,tws_iem,wireless_bt,co_tuned,22880,JPY,incl_member,,2025-11-26,2025-11-26,2026-01,limited_sold_out,hybrid dual driver 2.0,5.3,LDAC,19,62,IPX4,,,,AVIOT ONLINE MALL,verified_primary,SOUND TUNING BY THE ANIME SCORE COMPOSER per AV Watch - this is co_tuned not cosmetic. 12 characters and 250+ voices ACROSS THE THREE JK MODELS combined. Adaptive hybrid ANC; wireless charging. SUPERSEDES the single TE-V1R-JK row P0017 which was recorded before the three-model structure was known
P0223,AVIOT,JP,Jujutsu Kaisen Curse Users and Spirits model,TE-V1R-JK2,Jujutsu Kaisen (Curse users and spirits),anime_ip,,tws_iem,wireless_bt,co_tuned,22880,JPY,incl_member,,2025-11-26,2025-11-26,2026-01,limited_sold_out,hybrid dual driver 2.0,5.3,LDAC,19,62,IPX4,,,,AVIOT ONLINE MALL,verified_primary,see P0222 for combined voice count and tuning credit
P0224,AVIOT,JP,Jujutsu Kaisen Hidden Inventory model,TE-V1R-JK3,Jujutsu Kaisen (Hidden Inventory / Premature Death),anime_ip,,tws_iem,wireless_bt,co_tuned,22880,JPY,incl_member,,2025-11-26,2025-11-26,2026-01,limited_sold_out,hybrid dual driver 2.0,5.3,LDAC,19,62,IPX4,,,,AVIOT ONLINE MALL,verified_primary,see P0222 for combined voice count and tuning credit
P0225,ONKYO,JP,The Summer Hikaru Died collab model,,Hikaru ga Shinda Natsu,anime_ip,,tws_iem,wireless_bt,cosmetic_plus_media,20000,JPY,incl,,2025-09-12,2025-09-12,,limited_sold_out,,,,,,,,,,ONKYO DIRECT;Oto-Ani Akihabara,verified_primary,order window 2025-09-12 15:00 to 2025-10-31 15:00
P0226,ONKYO,JP,Souya Ichika collab model,,Souya Ichika,vtuber_individual,774 inc.,tws_iem,wireless_bt,cosmetic_plus_media,,JPY,,,2025-12-24,2025-12-24,,limited_sold_out,,,,,,,,,,ONKYO DIRECT;Oto-Ani Akihabara,verified_primary,fully made-to-order from 2025-12-24 18:00. THIRD 774 inc. talent to get an audio collab after Suou Patra and Saionji Mary
P0227,ONKYO,JP,Love Live! Sunshine!! AOW01 MARKII collab,AOW01 MARKII,Love Live! Sunshine!!,anime_ip,Bandai Namco,tws_iem,wireless_bt,cosmetic_plus_media,,JPY,,,2026-07-23,,,limited_active,6mm dynamic CoClear diaphragm,5.4,aptX,6,15,IPX7,,,,ONKYO DIRECT;Oto-Ani Akihabara,verified_primary,announced 2026-07-23; earphone plus charger limited-period order
P0228,ONKYO,JP,Haruhi Suzumiya 20th anniversary collab,,Suzumiya Haruhi no Yuutsu,anime_ip,,tws_iem,wireless_bt,cosmetic_plus_media,,JPY,,,2026-08-27,,,limited_active,,,,,,,,,,ONKYO DIRECT;Oto-Ani Akihabara,verified_primary,20th anniversary; THREE character voice modes; earphone plus charger
P0229,ONKYO,JP,Gundam X 30th anniversary collab,CP-TWS01F GUNDAMX,Mobile New Century Gundam X,anime_ip,Bandai Namco,tws_iem,wireless_bt,cosmetic_plus_media,,JPY,,,2026-09-03,,,limited_active,,,,,,,,,,ONKYO DIRECT;Oto-Ani Akihabara,verified_primary,30th anniversary; dual-character switchable voice mode
P0230,ONKYO,JP,Shironeko Project NEW WORLD-S collab,,Shironeko Project NEW WORLD-S,game_ip,COLOPL,tws_iem,wireless_bt,cosmetic_plus_media,,JPY,,,2026-09-03,,,limited_active,,,,,,,,,,ONKYO DIRECT;Oto-Ani Akihabara,verified_primary,three character collaboration models with newly recorded voices
P0231,ONKYO,JP,Neo-Porte Yozuna Niu collab model,,Yozuna Niu,vtuber_individual,Neo-Porte (Brave group),tws_iem,wireless_bt,cosmetic_plus_media,,JPY,,,2026-08-06,,,limited_active,,,,,,,,,,ONKYO DIRECT;Oto-Ani Akihabara,verified_primary,BRAVE GROUP IS AN ACTIVE COUNTERPARTY - absent from the Q3 census. Yozuna Niu is a Neo-Porte 1st generation talent
P0232,ONKYO,JP,Angel Next Door scalp care product,,Shiina Mahiru (Otonari no Tenshi-sama),anime_ip,,non_audio,,cosmetic,,JPY,,,2026-08-06,,,limited_active,,,,,,,,,,ONKYO DIRECT,verified_primary,NOT AUDIO - a scalp care product. Logged as evidence ONKYO is diversifying beyond audio under the same licences alongside the LUPICIA tea
P0233,Zeeny,JP,Zeeny x Scrap collab,,Scrap,vtuber_individual,,tws_iem,wireless_bt,cosmetic_plus_media,,JPY,,,2023-05-19,,limited_sold_out,,,,,,,,,,zeeny.com,verified_primary,preorder announced 2023-05-19
P0234,Zeeny,JP,Zeeny x Hitsuji Musume Meme collab,,Hitsuji Musume Meme,vtuber_individual,,tws_iem,wireless_bt,cosmetic_plus_media,,JPY,,,2023-05-01,,limited_sold_out,,,,,,,,,,zeeny.com,verified_primary,newly recorded voice; on sale 2023-05-01
P0235,Zeeny,JP,Zeeny x Kazamiya Matsuri collab,,Kazamiya Matsuri,vtuber_individual,,tws_iem,wireless_bt,cosmetic_plus_media,,JPY,,,2023-04-07,,limited_sold_out,,,,,,,,,,zeeny.com,verified_primary,preorder 2023-04-07
P0236,Zeeny,JP,Zeeny x Amane Mina ASMR collab,,Amane Mina,vtuber_individual,,tws_iem,wireless_bt,co_tuned,,JPY,,,2023-03-24,,limited_sold_out,,,,,,,,,,zeeny.com,verified_primary,ASMR-TUNED - Zeeny also did ASMR tuning not just cosmetic reskins. Preorder 2023-03-24
P0237,Zeeny,JP,Zeeny x Hoshikage Lapis collab,,Hoshikage Lapis,vtuber_individual,,tws_iem,wireless_bt,cosmetic_plus_media,,JPY,,,2023-03-20,,limited_sold_out,,,,,,,,,,zeeny.com,verified_primary,preorder 2023-03-20; also sold content via Zeeny Assistant
P0238,Zeeny,JP,Zeeny x Da Capo 5 collab,,D.C.5 Da Capo 5,game_ip,,tws_iem,wireless_bt,cosmetic_plus_media,,JPY,,,2023-03-17,,limited_sold_out,,,,,,,,,,zeeny.com,verified_primary,announced 2023-03-17
P0239,Zeeny,JP,Zeeny x Shinonome Megu collab,Zeeny Lights 3,Shinonome Megu,vtuber_individual,,tws_iem,wireless_bt,cosmetic_plus_media,,JPY,,,2022-12-26,,limited_sold_out,,,,,,,,,,zeeny.com,verified_primary,announced 2022-12-26
P0240,Zeeny,JP,Zeeny x Hikasa Tomoshika collab,Zeeny Lights 3,Hikasa Tomoshika,vtuber_individual,,tws_iem,wireless_bt,cosmetic_plus_media,,JPY,,,2022-12-16,,limited_sold_out,,,,,,,,,,zeeny.com,verified_primary,announced 2022-12-16
P0241,Zeeny,JP,Earbuds by Zeeny ZIP-FM edition,,ZIP-FM,radio_programme,ZIP-FM,tws_iem,wireless_bt,cosmetic,,JPY,,,2023-09-29,,discontinued,,,,,,,,,,zeeny.com,verified_primary,RADIO STATION collab for ZIP-FM 30th anniversary - second radio-sector partner in the dataset after AVIOT and Bunka Broadcasting. LAST ZEENY COLLAB ANNOUNCEMENT FOUND - nothing after Sept 2023
